-- phpMyAdmin SQL Dump
-- version 5.2.1
-- https://www.phpmyadmin.net/
--
-- Host: 127.0.0.1
-- Generation Time: May 10, 2025 at 02:14 PM
-- Server version: 10.4.32-MariaDB
-- PHP Version: 8.2.12

SET SQL_MODE = "NO_AUTO_VALUE_ON_ZERO";
START TRANSACTION;
SET time_zone = "+00:00";


/*!40101 SET @OLD_CHARACTER_SET_CLIENT=@@CHARACTER_SET_CLIENT */;
/*!40101 SET @OLD_CHARACTER_SET_RESULTS=@@CHARACTER_SET_RESULTS */;
/*!40101 SET @OLD_COLLATION_CONNECTION=@@COLLATION_CONNECTION */;
/*!40101 SET NAMES utf8mb4 */;

--
-- Database: `czerwiec2023`
--

-- --------------------------------------------------------

--
-- Table structure for table `instalacje`
--

CREATE TABLE `instalacje` (
  `data_i` date DEFAULT NULL,
  `kod_k` varchar(2) DEFAULT NULL,
  `kod_u` int(5) DEFAULT NULL
) ENGINE=InnoDB DEFAULT CHARSET=utf8 COLLATE=utf8_general_ci;

--
-- Dumping data for table `instalacje`
--

INSERT INTO `instalacje` (`data_i`, `kod_k`, `kod_u`) VALUES
('2019-03-01', 'AM', 145),
('2019-03-01', 'AR', 804),
('2019-03-01', 'AT', 12632),
('2019-03-01', 'BE', 12632),
('2019-03-01', 'BR', 5126),
('2019-03-01', 'CA', 4989),
('2019-03-01', 'CL', 4881),
('2019-03-01', 'CZ', 5134),
('2019-03-01', 'DE', 5131),
('2019-03-01', 'DE', 5116),
('2019-03-01', 'DE', 527),
('2019-03-01', 'DE', 7711),
('2019-03-01', 'DE', 9434),
('2019-03-01', 'DE', 9451),
('2019-03-01', 'ES', 891),
('2019-03-01', 'FR', 9545),
('2019-03-01', 'FR', 11386),
('2019-03-01', 'FR', 11974),
('2019-03-01', 'IL', 12010),
('2019-03-01', 'IN', 15536),
('2019-03-01', 'IN', 8581),
('2019-03-01', 'IR', 1307),
('2019-03-01', 'IT', 11528),
('2019-03-01', 'PE', 10943),
('2019-03-01', 'PH', 10943),
('2019-03-01', 'PL', 10943),
('2019-03-01', 'PL', 11731),
('2019-03-01', 'PL', 11006),
('2019-03-01', 'PL', 11656),
('2019-03-01', 'PT', 11911),
('2019-03-01', 'RO', 11635),
('2019-03-01', 'RU', 11846),
('2019-03-01', 'RU', 11206),
('2019-03-01', 'RU', 11108),
('2019-03-01', 'SA', 7495),
('2019-03-01', 'UA', 15169),
('2019-03-01', 'US', 11261),
('2019-03-01', 'US', 4184),
('2019-03-01', 'US', 11508),
('2019-03-01', 'US', 11634),
('2019-03-01', 'US', 11634),
('2019-03-01', 'US', 11634),
('2019-03-01', 'US', 11119),
('2019-03-01', 'US', 15158),
('2019-03-01', 'US', 15188),
('2019-03-01', 'US', 11917),
('2019-03-02', 'AR', 11161),
('2019-03-02', 'BD', 14501),
('2019-03-02', 'CA', 13209),
('2019-03-02', 'CA', 13209),
('2019-03-02', 'CH', 2069),
('2019-03-02', 'CH', 12718),
('2019-03-02', 'DE', 5097),
('2019-03-02', 'ES', 5120),
('2019-03-02', 'FR', 4895),
('2019-03-02', 'FR', 5008),
('2019-03-02', 'FR', 5061),
('2019-03-02', 'FR', 5061),
('2019-03-02', 'GB', 4979),
('2019-03-02', 'GB', 4939),
('2019-03-02', 'ID', 4921),
('2019-03-02', 'ID', 4894),
('2019-03-02', 'IE', 8001),
('2019-03-02', 'IL', 9444),
('2019-03-02', 'IN', 9444),
('2019-03-02', 'IQ', 11998),
('2019-03-02', 'IR', 56),
('2019-03-02', 'IT', 15536),
('2019-03-02', 'IT', 5043),
('2019-03-02', 'IT', 11528),
('2019-03-02', 'JP', 7262),
('2019-03-02', 'PH', 7191),
('2019-03-02', 'PL', 15114),
('2019-03-02', 'RU', 12015),
('2019-03-02', 'RU', 12019),
('2019-03-02', 'RU', 11006),
('2019-03-02', 'US', 11935),
('2019-03-02', 'US', 12031),
('2019-03-02', 'US', 8595),
('2019-03-02', 'US', 11296),
('2019-03-02', 'US', 11299),
('2019-03-02', 'US', 4785),
('2019-03-02', 'US', 11349),
('2019-03-02', 'US', 11635),
('2019-03-02', 'US', 11270),
('2019-03-02', 'US', 8629),
('2019-03-02', 'US', 7353),
('2019-03-02', 'US', 15190),
('2019-03-02', 'US', 7335),
('2019-03-02', 'US', 15136),
('2019-03-02', 'US', 11505),
('2019-03-02', 'US', 11508),
('2019-03-02', 'US', 11508),
('2019-03-02', 'ZA', 15188),
('2019-03-02', 'ZA', 15188),
('2019-03-03', 'AR', 6824),
('2019-03-03', 'AU', 1014),
('2019-03-03', 'BR', 9240),
('2019-03-03', 'BR', 5022),
('2019-03-03', 'BR', 5071),
('2019-03-03', 'BY', 5119),
('2019-03-03', 'CA', 4894),
('2019-03-03', 'CA', 9785),
('2019-03-03', 'CA', 9444),
('2019-03-03', 'CU', 10706),
('2019-03-03', 'CZ', 10939),
('2019-03-03', 'CZ', 13440),
('2019-03-03', 'DE', 6826),
('2019-03-03', 'DE', 15742),
('2019-03-03', 'DE', 10945),
('2019-03-03', 'DE', 8581),
('2019-03-03', 'DE', 8630),
('2019-03-03', 'ES', 4186),
('2019-03-03', 'ES', 11891),
('2019-03-03', 'FR', 10943),
('2019-03-03', 'FR', 10943),
('2019-03-03', 'FR', 10941),
('2019-03-03', 'FR', 10941),
('2019-03-03', 'GB', 10942),
('2019-03-03', 'IN', 11290),
('2019-03-03', 'IN', 11006),
('2019-03-03', 'IN', 11497),
('2019-03-03', 'IT', 11935),
('2019-03-03', 'IT', 11288),
('2019-03-03', 'JP', 11288),
('2019-03-03', 'KH', 11296),
('2019-03-03', 'MX', 11656),
('2019-03-03', 'MX', 11656),
('2019-03-03', 'MY', 11656),
('2019-03-03', 'NL', 11105),
('2019-03-03', 'NL', 11484),
('2019-03-03', 'OM', 11310),
('2019-03-03', 'PH', 7492),
('2019-03-03', 'PL', 11443),
('2019-03-03', 'PL', 4208),
('2019-03-03', 'RO', 3455),
('2019-03-03', 'RU', 8615),
('2019-03-03', 'TH', 4492),
('2019-03-03', 'US', 15164),
('2019-03-03', 'US', 15166),
('2019-03-03', 'US', 11505),
('2019-03-03', 'US', 11505),
('2019-03-03', 'US', 15181),
('2019-03-03', 'US', 15188),
('2019-03-03', 'US', 7445),
('2019-03-03', 'US', 11161),
('2019-03-03', 'US', 805),
('2019-03-03', 'US', 9237),
('2019-03-03', 'US', 2620),
('2019-03-03', 'US', 12796),
('2019-03-04', 'AE', 5134),
('2019-03-04', 'AR', 9265),
('2019-03-04', 'BE', 9441),
('2019-03-04', 'BR', 9451),
('2019-03-04', 'CO', 9444),
('2019-03-04', 'CZ', 13401),
('2019-03-04', 'DE', 12726),
('2019-03-04', 'DE', 6976),
('2019-03-04', 'DE', 4186),
('2019-03-04', 'DE', 7218),
('2019-03-04', 'ES', 10941),
('2019-03-04', 'ES', 10942),
('2019-03-04', 'GB', 10942),
('2019-03-04', 'IN', 8669),
('2019-03-04', 'IN', 11006),
('2019-03-04', 'IT', 11667),
('2019-03-04', 'JP', 11302),
('2019-03-04', 'MX', 11302),
('2019-03-04', 'MX', 11656),
('2019-03-04', 'NL', 4823),
('2019-03-04', 'NL', 11635),
('2019-03-04', 'PL', 10968),
('2019-03-04', 'PL', 10968),
('2019-03-04', 'SY', 11061),
('2019-03-04', 'US', 11686),
('2019-03-04', 'US', 7280),
('2019-03-04', 'US', 8561),
('2019-03-04', 'US', 15190),
('2019-03-04', 'US', 4192),
('2019-03-04', 'US', 11803),
('2019-03-04', 'US', 8564),
('2019-03-04', 'US', 8564),
('2019-03-04', 'US', 11634),
('2019-03-04', 'US', 68),
('2019-03-04', 'US', 68),
('2019-03-04', 'US', 15195),
('2019-03-04', 'US', 12546),
('2019-03-04', 'US', 991),
('2019-03-05', 'AR', 1819),
('2019-03-05', 'AR', 5071),
('2019-03-05', 'BG', 5008),
('2019-03-05', 'BY', 5008),
('2019-03-05', 'DE', 5008),
('2019-03-05', 'DE', 4909),
('2019-03-05', 'DE', 5062),
('2019-03-05', 'DE', 4894),
('2019-03-05', 'DE', 4894),
('2019-03-05', 'EC', 9232),
('2019-03-05', 'FI', 12023),
('2019-03-05', 'FR', 11405),
('2019-03-05', 'FR', 12010),
('2019-03-05', 'FR', 10790),
('2019-03-05', 'GB', 11891),
('2019-03-05', 'GB', 7302),
('2019-03-05', 'GB', 7218),
('2019-03-05', 'GB', 135),
('2019-03-05', 'GR', 12015),
('2019-03-05', 'IR', 12015),
('2019-03-05', 'IT', 12015),
('2019-03-05', 'IT', 877),
('2019-03-05', 'JP', 11934),
('2019-03-05', 'NL', 11935),
('2019-03-05', 'NL', 15196),
('2019-03-05', 'PE', 11296),
('2019-03-05', 'PH', 11296),
('2019-03-05', 'PL', 11296),
('2019-03-05', 'PL', 10970),
('2019-03-05', 'RU', 11270),
('2019-03-05', 'RU', 11310),
('2019-03-05', 'UA', 11206),
('2019-03-05', 'US', 8529),
('2019-03-05', 'US', 7280),
('2019-03-05', 'US', 11508),
('2019-03-05', 'US', 11632),
('2019-03-05', 'US', 11634),
('2019-03-05', 'US', 15181),
('2019-03-05', 'US', 15181),
('2019-03-05', 'US', 11118),
('2019-03-05', 'US', 11903),
('2019-03-05', 'US', 15188),
('2019-03-05', 'US', 11025),
('2019-03-06', 'AR', 1805),
('2019-03-06', 'AU', 13458),
('2019-03-06', 'CA', 9239),
('2019-03-06', 'CA', 12796),
('2019-03-06', 'CL', 5093),
('2019-03-06', 'CL', 5022),
('2019-03-06', 'CR', 5022),
('2019-03-06', 'DE', 5069),
('2019-03-06', 'DE', 5120),
('2019-03-06', 'DE', 5008),
('2019-03-06', 'DE', 4975),
('2019-03-06', 'ES', 5078),
('2019-03-06', 'FR', 5012),
('2019-03-06', 'GB', 5012),
('2019-03-06', 'GB', 9451),
('2019-03-06', 'GB', 9224),
('2019-03-06', 'IT', 8581),
('2019-03-06', 'IT', 8581),
('2019-03-06', 'IT', 15114),
('2019-03-06', 'MX', 12015),
('2019-03-06', 'MX', 12019),
('2019-03-06', 'NL', 11006),
('2019-03-06', 'NL', 11935),
('2019-03-06', 'PL', 11656),
('2019-03-06', 'PR', 11431),
('2019-03-06', 'PT', 8529),
('2019-03-06', 'PT', 8534),
('2019-03-06', 'PT', 7265),
('2019-03-06', 'US', 7293),
('2019-03-06', 'US', 8558),
('2019-03-06', 'US', 15152),
('2019-03-06', 'US', 11261),
('2019-03-06', 'US', 11627),
('2019-03-06', 'US', 11634),
('2019-03-06', 'US', 15188),
('2019-03-07', 'AU', 2607),
('2019-03-07', 'BR', 5093),
('2019-03-07', 'CA', 4997),
('2019-03-07', 'CH', 5126),
('2019-03-07', 'DE', 4888),
('2019-03-07', 'DE', 4989),
('2019-03-07', 'DE', 5008),
('2019-03-07', 'DE', 5062),
('2019-03-07', 'DE', 4960),
('2019-03-07', 'DE', 6549),
('2019-03-07', 'FR', 9451),
('2019-03-07', 'FR', 9444),
('2019-03-07', 'GB', 15457),
('2019-03-07', 'GB', 15182),
('2019-03-07', 'GB', 11526),
('2019-03-07', 'HU', 15114),
('2019-03-07', 'IT', 7199),
('2019-03-07', 'IT', 11006),
('2019-03-07', 'IT', 11496),
('2019-03-07', 'MX', 11152),
('2019-03-07', 'SE', 11605),
('2019-03-07', 'SE', 11606),
('2019-03-07', 'SI', 11296),
('2019-03-07', 'SK', 11350),
('2019-03-07', 'SK', 11911),
('2019-03-07', 'US', 11270),
('2019-03-07', 'US', 7338),
('2019-03-07', 'US', 4208),
('2019-03-07', 'US', 7219),
('2019-03-07', 'US', 7219),
('2019-03-07', 'US', 15189),
('2019-03-07', 'US', 8558),
('2019-03-07', 'US', 11505),
('2019-03-07', 'US', 11505),
('2019-03-07', 'US', 11632),
('2019-03-07', 'UZ', 15158),
('2019-03-08', 'BE', 14427),
('2019-03-08', 'BG', 2619),
('2019-03-08', 'BO', 4988),
('2019-03-08', 'CA', 5008),
('2019-03-08', 'DE', 5062),
('2019-03-08', 'DE', 4931),
('2019-03-08', 'DE', 4894),
('2019-03-08', 'DE', 2256),
('2019-03-08', 'DE', 9441),
('2019-03-08', 'DE', 13303),
('2019-03-08', 'DE', 15198),
('2019-03-08', 'DE', 11528),
('2019-03-08', 'DZ', 11528),
('2019-03-08', 'FR', 10943),
('2019-03-08', 'GR', 11006),
('2019-03-08', 'HU', 11935),
('2019-03-08', 'IR', 11604),
('2019-03-08', 'IT', 5051),
('2019-03-08', 'IT', 11094),
('2019-03-08', 'IT', 11911),
('2019-03-08', 'PE', 11270),
('2019-03-08', 'SI', 10968),
('2019-03-08', 'TH', 11859),
('2019-03-08', 'US', 7377),
('2019-03-08', 'US', 7347),
('2019-03-08', 'US', 11508),
('2019-03-08', 'US', 4203),
('2019-03-08', 'US', 8428),
('2019-03-08', 'US', 6475),
('2019-03-08', 'US', 5022),
('2019-03-08', 'US', 8835),
('2019-03-09', 'AR', 7006),
('2019-03-09', 'AT', 6883),
('2019-03-09', 'CA', 15536),
('2019-03-09', 'CA', 8626),
('2019-03-09', 'CH', 11942),
('2019-03-09', 'DE', 11573),
('2019-03-09', 'DE', 11526),
('2019-03-09', 'DE', 11528),
('2019-03-09', 'DE', 11528),
('2019-03-09', 'ES', 10943),
('2019-03-09', 'GB', 10941),
('2019-03-09', 'GB', 11006),
('2019-03-09', 'HK', 11656),
('2019-03-09', 'IE', 4844),
('2019-03-09', 'IE', 4949),
('2019-03-09', 'IL', 11855),
('2019-03-09', 'MX', 8529),
('2019-03-09', 'NL', 7389),
('2019-03-09', 'PL', 7325),
('2019-03-09', 'PL', 15189),
('2019-03-09', 'PL', 7436),
('2019-03-09', 'RU', 11508),
('2019-03-09', 'RU', 11632),
('2019-03-09', 'RU', 4214),
('2019-03-09', 'RU', 11120),
('2019-03-09', 'RU', 15158),
('2019-03-09', 'US', 4203),
('2019-03-09', 'US', 15188),
('2019-03-09', 'US', 11173),
('2019-03-09', 'US', 14427),
('2019-03-09', 'US', 9237),
('2019-03-09', 'US', 5022),
('2019-03-09', 'US', 5022),
('2019-03-09', 'ZA', 5008),
('2019-03-10', 'AR', 5134),
('2019-03-10', 'CA', 5134),
('2019-03-10', 'CL', 932),
('2019-03-10', 'DE', 14631),
('2019-03-10', 'DE', 7296),
('2019-03-10', 'DE', 10790),
('2019-03-10', 'ES', 11526),
('2019-03-10', 'FR', 11525),
('2019-03-10', 'FR', 7302),
('2019-03-10', 'GB', 10943),
('2019-03-10', 'GB', 10943),
('2019-03-10', 'GB', 10943),
('2019-03-10', 'GR', 10943),
('2019-03-10', 'GR', 10941),
('2019-03-10', 'IE', 15566),
('2019-03-10', 'IN', 11011),
('2019-03-10', 'IN', 11935),
('2019-03-10', 'IR', 11935),
('2019-03-10', 'IT', 10953),
('2019-03-10', 'IT', 11302),
('2019-03-10', 'IT', 11652),
('2019-03-10', 'LV', 11645),
('2019-03-10', 'NO', 4826),
('2019-03-10', 'PT', 11086),
('2019-03-10', 'PT', 11910),
('2019-03-10', 'PY', 11383),
('2019-03-10', 'RU', 11911),
('2019-03-10', 'RU', 11431),
('2019-03-10', 'SE', 11685),
('2019-03-10', 'TR', 10958),
('2019-03-10', 'UA', 10958),
('2019-03-10', 'US', 4208),
('2019-03-10', 'US', 15189),
('2019-03-10', 'US', 11211),
('2019-03-10', 'US', 11505),
('2019-03-10', 'US', 11505),
('2019-03-10', 'US', 11508),
('2019-03-10', 'US', 11634),
('2019-03-10', 'US', 11634),
('2019-03-10', 'US', 4214),
('2019-03-10', 'US', 4214),
('2019-03-10', 'US', 15188),
('2019-03-10', 'US', 15188),
('2019-03-10', 'US', 15195),
('2019-03-10', 'US', 13949),
('2019-03-10', 'US', 9237),
('2019-03-10', 'VN', 5022),
('2019-03-10', 'ZA', 4997),
('2019-03-11', 'AR', 4881),
('2019-03-11', 'AU', 5012),
('2019-03-11', 'CA', 5134),
('2019-03-11', 'CH', 9446),
('2019-03-11', 'CO', 1633),
('2019-03-11', 'CZ', 14894),
('2019-03-11', 'DE', 7075),
('2019-03-11', 'DE', 15536),
('2019-03-11', 'ES', 8581),
('2019-03-11', 'ES', 8653),
('2019-03-11', 'FR', 15182),
('2019-03-11', 'FR', 15206),
('2019-03-11', 'GR', 11526),
('2019-03-11', 'GR', 7302),
('2019-03-11', 'IR', 15114),
('2019-03-11', 'IR', 15114),
('2019-03-11', 'IT', 10941),
('2019-03-11', 'IT', 11011),
('2019-03-11', 'IT', 4185),
('2019-03-11', 'KR', 11301),
('2019-03-11', 'RS', 11656),
('2019-03-11', 'RU', 4962),
('2019-03-11', 'RU', 12021),
('2019-03-11', 'SE', 11213),
('2019-03-11', 'UA', 11431),
('2019-03-11', 'US', 11106),
('2019-03-11', 'US', 7265),
('2019-03-11', 'US', 4208),
('2019-03-11', 'US', 8585),
('2019-03-11', 'US', 11634),
('2019-03-11', 'US', 11633),
('2019-03-11', 'US', 15748),
('2019-03-11', 'US', 4214),
('2019-03-11', 'US', 4214),
('2019-03-11', 'US', 12737),
('2019-03-11', 'US', 12564),
('2019-03-11', 'US', 12564),
('2019-03-11', 'US', 3638),
('2019-03-11', 'US', 12587),
('2019-03-11', 'US', 5022),
('2019-03-11', 'US', 5038),
('2019-03-12', 'AR', 4895),
('2019-03-12', 'AR', 4983),
('2019-03-12', 'AT', 4921),
('2019-03-12', 'AT', 4894),
('2019-03-12', 'DE', 4894),
('2019-03-12', 'DE', 6840),
('2019-03-12', 'DE', 1000),
('2019-03-12', 'DE', 12023),
('2019-03-12', 'DE', 11528),
('2019-03-12', 'DE', 7218),
('2019-03-12', 'DE', 15114),
('2019-03-12', 'DE', 15154),
('2019-03-12', 'ES', 12019),
('2019-03-12', 'ES', 877),
('2019-03-12', 'ES', 7393),
('2019-03-12', 'FI', 11006),
('2019-03-12', 'FI', 11006),
('2019-03-12', 'FR', 11656),
('2019-03-12', 'FR', 11646),
('2019-03-12', 'GB', 4962),
('2019-03-12', 'HK', 11381),
('2019-03-12', 'HU', 11350),
('2019-03-12', 'IE', 11870),
('2019-03-12', 'IN', 12009),
('2019-03-12', 'IN', 11098),
('2019-03-12', 'IR', 7322),
('2019-03-12', 'IT', 7322),
('2019-03-12', 'IT', 7219),
('2019-03-12', 'NG', 15189),
('2019-03-12', 'NL', 7496),
('2019-03-12', 'NL', 11803),
('2019-03-12', 'PL', 8564),
('2019-03-12', 'PL', 15166),
('2019-03-12', 'RO', 11632),
('2019-03-12', 'RU', 11632),
('2019-03-12', 'SE', 11634),
('2019-03-12', 'TR', 11633),
('2019-03-12', 'US', 4214),
('2019-03-12', 'US', 15158),
('2019-03-12', 'US', 4203),
('2019-03-12', 'US', 11240),
('2019-03-12', 'US', 11161),
('2019-03-12', 'US', 988),
('2019-03-12', 'US', 805),
('2019-03-12', 'US', 12753),
('2019-03-12', 'US', 4446),
('2019-03-12', 'US', 5022),
('2019-03-12', 'US', 5022),
('2019-03-12', 'US', 5069),
('2019-03-12', 'ZA', 4890),
('2019-03-13', 'AR', 4890),
('2019-03-13', 'AR', 5008),
('2019-03-13', 'AR', 4894),
('2019-03-13', 'AU', 9444),
('2019-03-13', 'AU', 9443),
('2019-03-13', 'CH', 1447),
('2019-03-13', 'CH', 5233),
('2019-03-13', 'CL', 687),
('2019-03-13', 'CZ', 8630),
('2019-03-13', 'DE', 7302),
('2019-03-13', 'DE', 7302),
('2019-03-13', 'DE', 11278),
('2019-03-13', 'DE', 11659),
('2019-03-13', 'DE', 11934),
('2019-03-13', 'DE', 7498),
('2019-03-13', 'DE', 8644),
('2019-03-13', 'FI', 11296),
('2019-03-13', 'FR', 11656),
('2019-03-13', 'FR', 11656),
('2019-03-13', 'FR', 11656),
('2019-03-13', 'IR', 11543),
('2019-03-13', 'IT', 11514),
('2019-03-13', 'IT', 11412),
('2019-03-13', 'NZ', 12021),
('2019-03-13', 'PL', 11270),
('2019-03-13', 'RO', 11209),
('2019-03-13', 'RU', 11101),
('2019-03-13', 'SK', 7372),
('2019-03-13', 'TH', 11743),
('2019-03-13', 'US', 11587),
('2019-03-13', 'US', 8525),
('2019-03-13', 'US', 11013),
('2019-03-13', 'US', 8601),
('2019-03-13', 'US', 15152),
('2019-03-13', 'US', 14891),
('2019-03-13', 'US', 8585),
('2019-03-13', 'US', 11508),
('2019-03-13', 'US', 11632),
('2019-03-13', 'US', 4214),
('2019-03-13', 'US', 4203),
('2019-03-13', 'US', 11020),
('2019-03-13', 'US', 12748),
('2019-03-13', 'US', 6447),
('2019-03-13', 'US', 12753),
('2019-03-13', 'US', 4888),
('2019-03-13', 'US', 4883),
('2019-03-13', 'UZ', 5088),
('2019-03-13', 'VN', 9451),
('2019-03-13', 'ZA', 1018),
('2019-03-14', 'BA', 10030),
('2019-03-14', 'BD', 12786),
('2019-03-14', 'BD', 6667),
('2019-03-14', 'CA', 12010),
('2019-03-14', 'CH', 11224),
('2019-03-14', 'CH', 56),
('2019-03-14', 'CN', 11942),
('2019-03-14', 'DE', 11325),
('2019-03-14', 'DE', 11528),
('2019-03-14', 'DE', 7218),
('2019-03-14', 'DE', 12015),
('2019-03-14', 'ES', 12019),
('2019-03-14', 'ES', 10943),
('2019-03-14', 'FR', 10941),
('2019-03-14', 'HU', 10941),
('2019-03-14', 'IE', 11731),
('2019-03-14', 'IN', 11006),
('2019-03-14', 'IN', 11935),
('2019-03-14', 'IT', 12034),
('2019-03-14', 'IT', 8644),
('2019-03-14', 'MA', 11296),
('2019-03-14', 'MA', 11656),
('2019-03-14', 'MA', 11656),
('2019-03-14', 'NL', 11645),
('2019-03-14', 'NO', 4972),
('2019-03-14', 'PL', 11239),
('2019-03-14', 'PL', 11908),
('2019-03-14', 'RO', 11431),
('2019-03-14', 'SE', 15142),
('2019-03-14', 'TR', 7372),
('2019-03-14', 'US', 4208),
('2019-03-14', 'US', 11598),
('2019-03-14', 'US', 8525),
('2019-03-14', 'US', 11211),
('2019-03-14', 'US', 8615),
('2019-03-14', 'US', 15136),
('2019-03-14', 'US', 11505),
('2019-03-14', 'US', 11217),
('2019-03-14', 'US', 9613),
('2019-03-14', 'US', 12646),
('2019-03-14', 'US', 12788),
('2019-03-14', 'US', 4446),
('2019-03-14', 'US', 5022),
('2019-03-14', 'US', 4970),
('2019-03-14', 'US', 4936),
('2019-03-14', 'US', 5008),
('2019-03-14', 'US', 4992),
('2019-03-14', 'US', 4921),
('2019-03-14', 'ZA', 9255),
('2019-03-15', 'AM', 9255),
('2019-03-15', 'AR', 9451),
('2019-03-15', 'AR', 9444),
('2019-03-15', 'AR', 8131),
('2019-03-15', 'AT', 12023),
('2019-03-15', 'AU', 11110),
('2019-03-15', 'CA', 7302),
('2019-03-15', 'CH', 11461),
('2019-03-15', 'CH', 12015),
('2019-03-15', 'CZ', 12019),
('2019-03-15', 'CZ', 11006),
('2019-03-15', 'CZ', 12057),
('2019-03-15', 'DE', 11935),
('2019-03-15', 'DE', 11935),
('2019-03-15', 'ES', 7498),
('2019-03-15', 'FR', 11548),
('2019-03-15', 'GR', 11656),
('2019-03-15', 'HU', 11645),
('2019-03-15', 'IE', 11645),
('2019-03-15', 'IN', 11964),
('2019-03-15', 'IN', 4962),
('2019-03-15', 'IT', 4962),
('2019-03-15', 'IT', 11091),
('2019-03-15', 'IT', 11350),
('2019-03-15', 'IT', 11208),
('2019-03-15', 'LA', 11672),
('2019-03-15', 'LU', 7280),
('2019-03-15', 'MD', 8646),
('2019-03-15', 'MX', 7330),
('2019-03-15', 'NZ', 11590),
('2019-03-15', 'PH', 11590),
('2019-03-15', 'PH', 11211),
('2019-03-15', 'PL', 11211),
('2019-03-15', 'PL', 7347),
('2019-03-15', 'RE', 8614),
('2019-03-15', 'SA', 15136),
('2019-03-15', 'TH', 15136),
('2019-03-15', 'TR', 7395),
('2019-03-15', 'UA', 9361),
('2019-03-15', 'US', 11632),
('2019-03-15', 'US', 4214),
('2019-03-15', 'US', 4214),
('2019-03-15', 'US', 11042),
('2019-03-15', 'US', 15513),
('2019-03-15', 'US', 13209),
('2019-03-15', 'US', 807),
('2019-03-15', 'US', 12603),
('2019-03-15', 'US', 9606),
('2019-03-15', 'US', 5040),
('2019-03-15', 'US', 4888),
('2019-03-15', 'US', 5068),
('2019-03-15', 'US', 4883),
('2019-03-15', 'US', 4992),
('2019-03-15', 'US', 5078),
('2019-03-15', 'US', 5096),
('2019-03-15', 'US', 4960),
('2019-03-15', 'US', 9232),
('2019-03-16', 'AT', 9260),
('2019-03-16', 'AU', 12303),
('2019-03-16', 'AU', 14916),
('2019-03-16', 'AU', 3209),
('2019-03-16', 'BE', 15699),
('2019-03-16', 'BR', 11998),
('2019-03-16', 'BY', 11109),
('2019-03-16', 'CH', 8649),
('2019-03-16', 'CH', 7272),
('2019-03-16', 'CY', 11158),
('2019-03-16', 'CZ', 8623),
('2019-03-16', 'DE', 4186),
('2019-03-16', 'DE', 7218),
('2019-03-16', 'DE', 4187),
('2019-03-16', 'DE', 11935),
('2019-03-16', 'DE', 11288),
('2019-03-16', 'DE', 11604),
('2019-03-16', 'DE', 11656),
('2019-03-16', 'DE', 11656),
('2019-03-16', 'DE', 11656),
('2019-03-16', 'DE', 11964),
('2019-03-16', 'DE', 11546),
('2019-03-16', 'DE', 4729),
('2019-03-16', 'FR', 4962),
('2019-03-16', 'FR', 11930),
('2019-03-16', 'FR', 11343),
('2019-03-16', 'FR', 10968),
('2019-03-16', 'FR', 11846),
('2019-03-16', 'GB', 11310),
('2019-03-16', 'HU', 11870),
('2019-03-16', 'IE', 11206),
('2019-03-16', 'IN', 7433),
('2019-03-16', 'IR', 11672),
('2019-03-16', 'IT', 7280),
('2019-03-16', 'IT', 15189),
('2019-03-16', 'LB', 15189),
('2019-03-16', 'NL', 7442),
('2019-03-16', 'NL', 11184),
('2019-03-16', 'NL', 11508),
('2019-03-16', 'PH', 11632),
('2019-03-16', 'PH', 11634),
('2019-03-16', 'PL', 15188),
('2019-03-16', 'PL', 15188),
('2019-03-16', 'RO', 15195),
('2019-03-16', 'RO', 1782),
('2019-03-16', 'RU', 14501),
('2019-03-16', 'SI', 13208),
('2019-03-16', 'UA', 821),
('2019-03-16', 'UA', 811),
('2019-03-16', 'US', 1352),
('2019-03-16', 'US', 12740),
('2019-03-16', 'US', 5038),
('2019-03-16', 'US', 5068),
('2019-03-16', 'US', 4890),
('2019-03-16', 'US', 5008),
('2019-03-16', 'US', 4992),
('2019-03-16', 'US', 4921),
('2019-03-16', 'US', 4921),
('2019-03-16', 'US', 7709),
('2019-03-16', 'US', 7709),
('2019-03-17', 'AR', 9265),
('2019-03-17', 'AR', 9438),
('2019-03-17', 'AT', 9438),
('2019-03-17', 'BR', 9451),
('2019-03-17', 'CA', 10673),
('2019-03-17', 'CZ', 13440),
('2019-03-17', 'DE', 13440),
('2019-03-17', 'DE', 11401),
('2019-03-17', 'DE', 11503),
('2019-03-17', 'DE', 124),
('2019-03-17', 'DE', 8649),
('2019-03-17', 'DE', 4182),
('2019-03-17', 'FR', 4186),
('2019-03-17', 'GB', 12019),
('2019-03-17', 'GB', 12019),
('2019-03-17', 'GB', 12019),
('2019-03-17', 'HR', 10943),
('2019-03-17', 'HU', 10943),
('2019-03-17', 'IL', 10941),
('2019-03-17', 'IN', 10941),
('2019-03-17', 'IN', 7279),
('2019-03-17', 'IR', 11194),
('2019-03-17', 'IR', 10918),
('2019-03-17', 'IT', 11006),
('2019-03-17', 'JP', 11296),
('2019-03-17', 'MA', 4739),
('2019-03-17', 'MX', 11092),
('2019-03-17', 'NL', 11032),
('2019-03-17', 'PH', 11091),
('2019-03-17', 'PL', 11908),
('2019-03-17', 'PL', 11350),
('2019-03-17', 'PL', 11350),
('2019-03-17', 'PL', 11846),
('2019-03-17', 'PT', 11263),
('2019-03-17', 'RO', 11277),
('2019-03-17', 'RO', 11855),
('2019-03-17', 'RO', 7443),
('2019-03-17', 'RU', 11774),
('2019-03-17', 'RU', 11211),
('2019-03-17', 'TR', 8574),
('2019-03-17', 'TR', 11634),
('2019-03-17', 'UA', 11633),
('2019-03-17', 'US', 68),
('2019-03-17', 'US', 4203),
('2019-03-17', 'US', 6874),
('2019-03-17', 'US', 14468),
('2019-03-17', 'US', 821),
('2019-03-17', 'US', 805),
('2019-03-17', 'US', 13413),
('2019-03-17', 'US', 9259),
('2019-03-17', 'US', 12796),
('2019-03-17', 'US', 13734),
('2019-03-17', 'US', 5071),
('2019-03-17', 'US', 5059),
('2019-03-17', 'US', 5132),
('2019-03-17', 'US', 5132),
('2019-03-17', 'US', 4970),
('2019-03-17', 'US', 5008),
('2019-03-17', 'US', 4979),
('2019-03-17', 'US', 5062),
('2019-03-17', 'US', 5032),
('2019-03-18', 'AT', 9442),
('2019-03-18', 'AT', 9438),
('2019-03-18', 'AT', 9451),
('2019-03-18', 'AU', 11405),
('2019-03-18', 'BE', 11940),
('2019-03-18', 'BR', 4182),
('2019-03-18', 'CH', 15451),
('2019-03-18', 'CL', 7302),
('2019-03-18', 'CZ', 7191),
('2019-03-18', 'DE', 7191),
('2019-03-18', 'DE', 7343),
('2019-03-18', 'DE', 15114),
('2019-03-18', 'EC', 15114),
('2019-03-18', 'EG', 12019),
('2019-03-18', 'ES', 10943),
('2019-03-18', 'ES', 7199),
('2019-03-18', 'ES', 8667),
('2019-03-18', 'ES', 8667),
('2019-03-18', 'FR', 11332),
('2019-03-18', 'FR', 11605),
('2019-03-18', 'FR', 11302),
('2019-03-18', 'GB', 11656),
('2019-03-18', 'GB', 4764),
('2019-03-18', 'GB', 4950),
('2019-03-18', 'IL', 11518),
('2019-03-18', 'IN', 11911),
('2019-03-18', 'IN', 11431),
('2019-03-18', 'IN', 11206),
('2019-03-18', 'IN', 15140),
('2019-03-18', 'IN', 11061),
('2019-03-18', 'IN', 11617),
('2019-03-18', 'IR', 8646),
('2019-03-18', 'IT', 15189),
('2019-03-18', 'IT', 15189),
('2019-03-18', 'IT', 7496),
('2019-03-18', 'KZ', 11593),
('2019-03-18', 'MX', 7335),
('2019-03-18', 'NL', 15115),
('2019-03-18', 'PH', 4184),
('2019-03-18', 'PH', 15208),
('2019-03-18', 'PK', 8585),
('2019-03-18', 'PK', 15166),
('2019-03-18', 'PL', 11702),
('2019-03-18', 'RS', 8621),
('2019-03-18', 'RS', 11505),
('2019-03-18', 'SK', 8662),
('2019-03-18', 'US', 4203),
('2019-03-18', 'US', 15188),
('2019-03-18', 'US', 894),
('2019-03-18', 'US', 34),
('2019-03-18', 'US', 12796),
('2019-03-18', 'US', 12753),
('2019-03-18', 'US', 12768),
('2019-03-18', 'US', 4883),
('2019-03-18', 'US', 5008),
('2019-03-18', 'US', 4894),
('2019-03-18', 'US', 4960),
('2019-03-18', 'US', 7237),
('2019-03-18', 'US', 15193),
('2019-03-18', 'US', 11526),
('2019-03-18', 'US', 11528),
('2019-03-18', 'US', 7302),
('2019-03-18', 'US', 7302),
('2019-03-18', 'US', 7191),
('2019-03-18', 'UZ', 10943),
('2019-03-19', 'CA', 10941),
('2019-03-19', 'CA', 10941),
('2019-03-19', 'CL', 7195),
('2019-03-19', 'CL', 877),
('2019-03-19', 'CZ', 11011),
('2019-03-19', 'DE', 11006),
('2019-03-19', 'DE', 11006),
('2019-03-19', 'DE', 11006),
('2019-03-19', 'DO', 11005),
('2019-03-19', 'ES', 11935),
('2019-03-19', 'ES', 11935),
('2019-03-19', 'GB', 11988),
('2019-03-19', 'GB', 11988),
('2019-03-19', 'HU', 11648),
('2019-03-19', 'ID', 11645),
('2019-03-19', 'IN', 11956),
('2019-03-19', 'IN', 5982),
('2019-03-19', 'IN', 11384),
('2019-03-19', 'IN', 12054),
('2019-03-19', 'IN', 11137),
('2019-03-19', 'IT', 10968),
('2019-03-19', 'IT', 8529),
('2019-03-19', 'KZ', 15611),
('2019-03-19', 'MA', 7353),
('2019-03-19', 'MM', 8619),
('2019-03-19', 'PL', 7394),
('2019-03-19', 'PL', 11505),
('2019-03-19', 'SK', 11508),
('2019-03-19', 'TH', 4214),
('2019-03-19', 'US', 4214),
('2019-03-19', 'US', 15181),
('2019-03-19', 'US', 11124),
('2019-03-19', 'US', 4203),
('2019-03-19', 'US', 4203),
('2019-03-19', 'US', 11026),
('2019-03-19', 'US', 866),
('2019-03-19', 'US', 2564),
('2019-03-19', 'US', 1606),
('2019-03-19', 'US', 4997),
('2019-03-19', 'US', 4997),
('2019-03-19', 'US', 4888),
('2019-03-19', 'US', 5112),
('2019-03-19', 'US', 5008),
('2019-03-19', 'US', 4881),
('2019-03-19', 'US', 4894),
('2019-03-19', 'US', 10080),
('2019-03-19', 'US', 9247),
('2019-03-19', 'US', 9438),
('2019-03-19', 'US', 9438),
('2019-03-19', 'US', 14012),
('2019-03-19', 'US', 14012),
('2019-03-19', 'US', 13438),
('2019-03-19', 'US', 7058),
('2019-03-20', 'AE', 10992),
('2019-03-20', 'AR', 11970),
('2019-03-20', 'AT', 11970),
('2019-03-20', 'AT', 11109),
('2019-03-20', 'CA', 11109),
('2019-03-20', 'CH', 11405),
('2019-03-20', 'CZ', 8630),
('2019-03-20', 'DE', 15451),
('2019-03-20', 'EC', 11528),
('2019-03-20', 'ES', 7302),
('2019-03-20', 'ES', 12019),
('2019-03-20', 'FR', 10941),
('2019-03-20', 'FR', 10941),
('2019-03-20', 'FR', 4199),
('2019-03-20', 'GB', 877),
('2019-03-20', 'GB', 11006),
('2019-03-20', 'GR', 11648),
('2019-03-20', 'GR', 11645),
('2019-03-20', 'IN', 7750),
('2019-03-20', 'IN', 11513),
('2019-03-20', 'IN', 11382),
('2019-03-20', 'IN', 11382),
('2019-03-20', 'IN', 11908),
('2019-03-20', 'IN', 11383),
('2019-03-20', 'IT', 11137),
('2019-03-20', 'IT', 11343),
('2019-03-20', 'IT', 10970),
('2019-03-20', 'IT', 10968),
('2019-03-20', 'NL', 8529),
('2019-03-20', 'PK', 15171),
('2019-03-20', 'PL', 15611),
('2019-03-20', 'PL', 11098),
('2019-03-20', 'PL', 7353),
('2019-03-20', 'PL', 7372),
('2019-03-20', 'RO', 15160),
('2019-03-20', 'RO', 8523),
('2019-03-20', 'RU', 11588),
('2019-03-20', 'RU', 15169),
('2019-03-20', 'SK', 15201),
('2019-03-20', 'SK', 8615),
('2019-03-20', 'UA', 4184),
('2019-03-20', 'US', 11634),
('2019-03-20', 'US', 11634),
('2019-03-20', 'US', 11634),
('2019-03-20', 'US', 4214),
('2019-03-20', 'US', 15418),
('2019-03-20', 'US', 4203),
('2019-03-20', 'US', 15188),
('2019-03-20', 'US', 11030),
('2019-03-20', 'US', 14558),
('2019-03-20', 'US', 1016),
('2019-03-20', 'US', 837),
('2019-03-20', 'US', 12618),
('2019-03-20', 'US', 12718),
('2019-03-20', 'US', 5022),
('2019-03-20', 'US', 4997),
('2019-03-20', 'US', 5069),
('2019-03-20', 'US', 4888),
('2019-03-20', 'US', 4999),
('2019-03-20', 'US', 13389),
('2019-03-20', 'US', 9441),
('2019-03-20', 'US', 9451),
('2019-03-20', 'US', 2417),
('2019-03-20', 'US', 1570),
('2019-03-20', 'US', 11109),
('2019-03-20', 'US', 12010),
('2019-03-20', 'US', 11157),
('2019-03-20', 'US', 11942),
('2019-03-20', 'US', 15199),
('2019-03-20', 'US', 11316),
('2019-03-20', 'US', 11526),
('2019-03-20', 'VN', 11528),
('2019-03-21', 'BD', 7302),
('2019-03-21', 'BR', 12018),
('2019-03-21', 'BS', 10943),
('2019-03-21', 'CH', 10941),
('2019-03-21', 'CL', 11731),
('2019-03-21', 'CO', 11934),
('2019-03-21', 'CZ', 10953),
('2019-03-21', 'DE', 11296),
('2019-03-21', 'DE', 11656),
('2019-03-21', 'DE', 11544),
('2019-03-21', 'DE', 4851),
('2019-03-21', 'DE', 4844),
('2019-03-21', 'DZ', 5985),
('2019-03-21', 'ES', 11085),
('2019-03-21', 'FR', 11383),
('2019-03-21', 'HU', 11635),
('2019-03-21', 'HU', 11208),
('2019-03-21', 'IE', 11438),
('2019-03-21', 'IL', 11209),
('2019-03-21', 'IN', 11431),
('2019-03-21', 'IN', 11855),
('2019-03-21', 'IN', 11855),
('2019-03-21', 'IN', 11206),
('2019-03-21', 'IN', 11193),
('2019-03-21', 'IN', 11108),
('2019-03-21', 'IN', 8529),
('2019-03-21', 'IN', 7377),
('2019-03-21', 'IQ', 11672),
('2019-03-21', 'IQ', 15171),
('2019-03-21', 'IR', 7353),
('2019-03-21', 'IR', 7372),
('2019-03-21', 'IR', 7372),
('2019-03-21', 'IT', 15189),
('2019-03-21', 'IT', 11929),
('2019-03-21', 'IT', 11013),
('2019-03-21', 'KG', 11803),
('2019-03-21', 'KR', 8619),
('2019-03-21', 'KZ', 15152),
('2019-03-21', 'NL', 7212),
('2019-03-21', 'NL', 11508),
('2019-03-21', 'NO', 11634),
('2019-03-21', 'NO', 11634),
('2019-03-21', 'NZ', 11633),
('2019-03-21', 'PH', 4214),
('2019-03-21', 'PT', 15181),
('2019-03-21', 'RU', 15513),
('2019-03-21', 'SE', 15158),
('2019-03-21', 'SV', 15158),
('2019-03-21', 'TR', 7304),
('2019-03-21', 'TR', 4203),
('2019-03-21', 'US', 11161),
('2019-03-21', 'US', 14428),
('2019-03-21', 'US', 6787),
('2019-03-21', 'US', 1358),
('2019-03-21', 'US', 1888),
('2019-03-21', 'US', 8139),
('2019-03-21', 'US', 9642),
('2019-03-21', 'US', 9642),
('2019-03-21', 'US', 3008),
('2019-03-21', 'US', 3008),
('2019-03-21', 'US', 5093),
('2019-03-21', 'US', 5022),
('2019-03-21', 'US', 4997),
('2019-03-21', 'US', 5126),
('2019-03-21', 'US', 4888),
('2019-03-21', 'US', 4890),
('2019-03-21', 'US', 4989),
('2019-03-21', 'US', 5058),
('2019-03-21', 'US', 4883),
('2019-03-21', 'US', 4936),
('2019-03-21', 'US', 5091),
('2019-03-21', 'US', 5087),
('2019-03-21', 'US', 5062),
('2019-03-21', 'US', 5062),
('2019-03-21', 'US', 5062),
('2019-03-21', 'US', 4894),
('2019-03-21', 'VN', 9351),
('2019-03-21', 'VN', 9451),
('2019-03-21', 'ZA', 9451),
('2019-03-22', 'AM', 9444),
('2019-03-22', 'AR', 9565),
('2019-03-22', 'AT', 11109),
('2019-03-22', 'AU', 11405),
('2019-03-22', 'BD', 11435),
('2019-03-22', 'BD', 15536),
('2019-03-22', 'BO', 8581),
('2019-03-22', 'BR', 1779),
('2019-03-22', 'CH', 15604),
('2019-03-22', 'CL', 11940),
('2019-03-22', 'CL', 15193),
('2019-03-22', 'CZ', 10790),
('2019-03-22', 'CZ', 11528),
('2019-03-22', 'DE', 7302),
('2019-03-22', 'DE', 7262),
('2019-03-22', 'DE', 15114),
('2019-03-22', 'DE', 12019),
('2019-03-22', 'DE', 12019),
('2019-03-22', 'DE', 12019),
('2019-03-22', 'DE', 12019),
('2019-03-22', 'DE', 10943),
('2019-03-22', 'ES', 10943),
('2019-03-22', 'ES', 10943),
('2019-03-22', 'ES', 10943),
('2019-03-22', 'ES', 7199),
('2019-03-22', 'FR', 877),
('2019-03-22', 'FR', 11332),
('2019-03-22', 'FR', 10922),
('2019-03-22', 'GB', 11945),
('2019-03-22', 'GR', 11935),
('2019-03-22', 'HR', 12036),
('2019-03-22', 'HR', 8644),
('2019-03-22', 'IE', 8595),
('2019-03-22', 'IN', 8595),
('2019-03-22', 'IN', 11302),
('2019-03-22', 'IN', 11642),
('2019-03-22', 'IN', 11646),
('2019-03-22', 'IN', 4862),
('2019-03-22', 'IQ', 4944),
('2019-03-22', 'IR', 6715),
('2019-03-22', 'IT', 11911),
('2019-03-22', 'KG', 11484),
('2019-03-22', 'KZ', 11270),
('2019-03-22', 'LT', 11438),
('2019-03-22', 'NL', 11205),
('2019-03-22', 'NL', 15140),
('2019-03-22', 'PH', 8639),
('2019-03-22', 'PL', 11672),
('2019-03-22', 'PL', 7353),
('2019-03-22', 'RU', 7280),
('2019-03-22', 'RU', 7333),
('2019-03-22', 'RU', 7219),
('2019-03-22', 'RU', 7219),
('2019-03-22', 'SD', 15189),
('2019-03-22', 'SE', 7437),
('2019-03-22', 'SI', 11770),
('2019-03-22', 'TW', 11013),
('2019-03-22', 'UA', 11211),
('2019-03-22', 'UA', 7212),
('2019-03-22', 'US', 11505),
('2019-03-22', 'US', 11512),
('2019-03-22', 'US', 11634),
('2019-03-22', 'US', 15158),
('2019-03-22', 'US', 15188),
('2019-03-22', 'US', 15188),
('2019-03-22', 'US', 11178),
('2019-03-22', 'US', 11169),
('2019-03-22', 'US', 14464),
('2019-03-22', 'US', 9809),
('2019-03-22', 'US', 6821),
('2019-03-22', 'US', 9240),
('2019-03-22', 'US', 9606),
('2019-03-22', 'US', 9517),
('2019-03-22', 'US', 9258),
('2019-03-22', 'US', 5093),
('2019-03-22', 'US', 5071),
('2019-03-22', 'US', 4997),
('2019-03-22', 'US', 4997),
('2019-03-22', 'US', 4888),
('2019-03-22', 'US', 4941),
('2019-03-22', 'US', 4883),
('2019-03-22', 'US', 5062),
('2019-03-22', 'US', 5012),
('2019-03-22', 'US', 8254),
('2019-03-22', 'US', 8852),
('2019-03-22', 'US', 12131),
('2019-03-22', 'US', 9224),
('2019-03-22', 'US', 10366),
('2019-03-22', 'US', 14884),
('2019-03-22', 'US', 11109),
('2019-03-22', 'US', 8581),
('2019-03-22', 'US', 8653),
('2019-03-22', 'US', 8630),
('2019-03-22', 'UY', 15182),
('2019-03-23', 'AR', 11183),
('2019-03-23', 'BA', 11182),
('2019-03-23', 'BD', 11942),
('2019-03-23', 'BD', 11200),
('2019-03-23', 'BD', 10790),
('2019-03-23', 'BO', 10790),
('2019-03-23', 'BR', 11526),
('2019-03-23', 'BR', 11528),
('2019-03-23', 'CH', 11528),
('2019-03-23', 'CH', 15114),
('2019-03-23', 'CH', 15114),
('2019-03-23', 'CO', 8610),
('2019-03-23', 'CZ', 12015),
('2019-03-23', 'CZ', 10943),
('2019-03-23', 'CZ', 11006),
('2019-03-23', 'DE', 11945),
('2019-03-23', 'DE', 11934),
('2019-03-23', 'DE', 11153),
('2019-03-23', 'DE', 12029),
('2019-03-23', 'DE', 11433),
('2019-03-23', 'DE', 11604),
('2019-03-23', 'EC', 10987),
('2019-03-23', 'EG', 11296),
('2019-03-23', 'ES', 11296),
('2019-03-23', 'ES', 11655),
('2019-03-23', 'GB', 4835),
('2019-03-23', 'GB', 4947),
('2019-03-23', 'GB', 4903),
('2019-03-23', 'GR', 13150),
('2019-03-23', 'GR', 10959),
('2019-03-23', 'HU', 10959),
('2019-03-23', 'IL', 10959),
('2019-03-23', 'IN', 11513),
('2019-03-23', 'IN', 12054),
('2019-03-23', 'IN', 11635),
('2019-03-23', 'IN', 11484),
('2019-03-23', 'IN', 11210),
('2019-03-23', 'IN', 11277),
('2019-03-23', 'IR', 11431),
('2019-03-23', 'IT', 7492),
('2019-03-23', 'JM', 7377),
('2019-03-23', 'MY', 15142),
('2019-03-23', 'NL', 11672),
('2019-03-23', 'NL', 11443),
('2019-03-23', 'NO', 7280),
('2019-03-23', 'NZ', 7219),
('2019-03-23', 'NZ', 8627),
('2019-03-23', 'PH', 15129),
('2019-03-23', 'PH', 11211),
('2019-03-23', 'PL', 15169),
('2019-03-23', 'PL', 8601),
('2019-03-23', 'PL', 8602),
('2019-03-23', 'PL', 8619),
('2019-03-23', 'PT', 8574),
('2019-03-23', 'RE', 15164),
('2019-03-23', 'RS', 8621),
('2019-03-23', 'RS', 11505),
('2019-03-23', 'SE', 11508),
('2019-03-23', 'SG', 11634),
('2019-03-23', 'TH', 11634),
('2019-03-23', 'TH', 15181),
('2019-03-23', 'TH', 15124),
('2019-03-23', 'TR', 15158),
('2019-03-23', 'UA', 11897),
('2019-03-23', 'UA', 15574),
('2019-03-23', 'UA', 11171),
('2019-03-23', 'UA', 14416),
('2019-03-23', 'US', 13267),
('2019-03-23', 'US', 801),
('2019-03-23', 'US', 9642),
('2019-03-23', 'US', 12717),
('2019-03-23', 'US', 5040),
('2019-03-23', 'US', 5040),
('2019-03-23', 'US', 5022),
('2019-03-23', 'US', 5022),
('2019-03-23', 'US', 5119),
('2019-03-23', 'US', 5126),
('2019-03-23', 'US', 4890),
('2019-03-23', 'US', 4883),
('2019-03-23', 'US', 5008),
('2019-03-23', 'US', 4992),
('2019-03-23', 'US', 5062),
('2019-03-23', 'US', 5012),
('2019-03-23', 'US', 5134),
('2019-03-23', 'US', 5131),
('2019-03-23', 'US', 4921),
('2019-03-23', 'US', 8001),
('2019-03-23', 'US', 9441),
('2019-03-23', 'US', 9442),
('2019-03-23', 'US', 9438),
('2019-03-23', 'US', 9451),
('2019-03-23', 'US', 9451),
('2019-03-23', 'US', 13407),
('2019-03-23', 'US', 10709),
('2019-03-23', 'VN', 7086),
('2019-03-23', 'VN', 13303),
('2019-03-23', 'VN', 14884),
('2019-03-23', 'ZA', 9098),
('2019-03-24', 'AE', 8653),
('2019-03-24', 'AT', 5043),
('2019-03-24', 'AT', 1307),
('2019-03-24', 'BD', 15182),
('2019-03-24', 'BE', 11158),
('2019-03-24', 'BO', 11158),
('2019-03-24', 'BR', 8623),
('2019-03-24', 'CL', 8547),
('2019-03-24', 'CO', 4196),
('2019-03-24', 'CO', 11528),
('2019-03-24', 'CR', 11528),
('2019-03-24', 'CZ', 11528),
('2019-03-24', 'DE', 11529),
('2019-03-24', 'DE', 7302),
('2019-03-24', 'DE', 15154),
('2019-03-24', 'DE', 4187),
('2019-03-24', 'DE', 10941),
('2019-03-24', 'DE', 10941),
('2019-03-24', 'EG', 11011),
('2019-03-24', 'EG', 11006),
('2019-03-24', 'ES', 11658),
('2019-03-24', 'ES', 8595),
('2019-03-24', 'GB', 11642),
('2019-03-24', 'GB', 4847),
('2019-03-24', 'GB', 4944),
('2019-03-24', 'GR', 7753),
('2019-03-24', 'GR', 11198),
('2019-03-24', 'GR', 11032),
('2019-03-24', 'HU', 12021),
('2019-03-24', 'IL', 11350),
('2019-03-24', 'IL', 11911),
('2019-03-24', 'IN', 10966),
('2019-03-24', 'IN', 10968),
('2019-03-24', 'IN', 10968),
('2019-03-24', 'IR', 11276),
('2019-03-24', 'IT', 11431),
('2019-03-24', 'IT', 11855),
('2019-03-24', 'IT', 11206),
('2019-03-24', 'MA', 11672),
('2019-03-24', 'MA', 7353),
('2019-03-24', 'MX', 7451),
('2019-03-24', 'MY', 11780),
('2019-03-24', 'NI', 7271),
('2019-03-24', 'NL', 15127),
('2019-03-24', 'NL', 15782),
('2019-03-24', 'NL', 8558),
('2019-03-24', 'NL', 8601),
('2019-03-24', 'NL', 8619),
('2019-03-24', 'PH', 8619),
('2019-03-24', 'PH', 7212),
('2019-03-24', 'PH', 7212),
('2019-03-24', 'PL', 15130),
('2019-03-24', 'PL', 11184),
('2019-03-24', 'PL', 11505),
('2019-03-24', 'PT', 11508),
('2019-03-24', 'PY', 11634),
('2019-03-24', 'RO', 11634),
('2019-03-24', 'RO', 7453),
('2019-03-24', 'RO', 15513),
('2019-03-24', 'RS', 15188),
('2019-03-24', 'RU', 11917),
('2019-03-24', 'RU', 11166),
('2019-03-24', 'RU', 14460),
('2019-03-24', 'SE', 14427),
('2019-03-24', 'TW', 14416),
('2019-03-24', 'UA', 5408),
('2019-03-24', 'UA', 1399),
('2019-03-24', 'UA', 12555),
('2019-03-24', 'UA', 12800),
('2019-03-24', 'US', 6475),
('2019-03-24', 'US', 12525),
('2019-03-24', 'US', 12718),
('2019-03-24', 'US', 5022),
('2019-03-24', 'US', 4888),
('2019-03-24', 'US', 5068),
('2019-03-24', 'US', 5068),
('2019-03-24', 'US', 4970),
('2019-03-24', 'US', 4970),
('2019-03-24', 'US', 5008),
('2019-03-24', 'US', 5078),
('2019-03-24', 'US', 5087),
('2019-03-24', 'US', 5062),
('2019-03-24', 'US', 5012),
('2019-03-24', 'US', 5131),
('2019-03-24', 'US', 4960),
('2019-03-24', 'US', 6342),
('2019-03-24', 'US', 9442),
('2019-03-24', 'US', 8092),
('2019-03-24', 'US', 8104),
('2019-03-24', 'US', 13178),
('2019-03-24', 'US', 2043),
('2019-03-24', 'US', 14876),
('2019-03-24', 'US', 10994),
('2019-03-24', 'US', 11110),
('2019-03-24', 'US', 11503),
('2019-03-24', 'US', 12010),
('2019-03-24', 'US', 11224),
('2019-03-24', 'YE', 11224),
('2019-03-25', 'AR', 129),
('2019-03-25', 'AR', 1307),
('2019-03-25', 'AR', 1307),
('2019-03-25', 'AU', 11940),
('2019-03-25', 'AU', 4182),
('2019-03-25', 'BD', 4186),
('2019-03-25', 'BG', 7302),
('2019-03-25', 'BR', 7218),
('2019-03-25', 'BY', 15114),
('2019-03-25', 'CA', 15114),
('2019-03-25', 'DE', 11468),
('2019-03-25', 'DE', 12015),
('2019-03-25', 'DE', 10943),
('2019-03-25', 'DE', 10943),
('2019-03-25', 'DE', 10943),
('2019-03-25', 'DE', 8553),
('2019-03-25', 'DK', 11935),
('2019-03-25', 'DK', 7234),
('2019-03-25', 'DK', 11296),
('2019-03-25', 'EE', 11305),
('2019-03-25', 'ES', 11655),
('2019-03-25', 'ES', 11645),
('2019-03-25', 'ES', 11033),
('2019-03-25', 'ES', 11033),
('2019-03-25', 'FR', 11105),
('2019-03-25', 'GB', 11484),
('2019-03-25', 'GB', 11270),
('2019-03-25', 'GB', 11208),
('2019-03-25', 'HN', 11206),
('2019-03-25', 'HU', 11792),
('2019-03-25', 'IL', 8629),
('2019-03-25', 'IN', 7495),
('2019-03-25', 'IN', 7413),
('2019-03-25', 'IN', 4686),
('2019-03-25', 'IN', 4208),
('2019-03-25', 'IN', 4208),
('2019-03-25', 'IN', 7219),
('2019-03-25', 'IN', 15780),
('2019-03-25', 'IR', 11211),
('2019-03-25', 'IR', 8608),
('2019-03-25', 'IR', 8620),
('2019-03-25', 'IT', 8620),
('2019-03-25', 'MM', 11939),
('2019-03-25', 'MM', 8575),
('2019-03-25', 'NL', 8575),
('2019-03-25', 'NZ', 15201),
('2019-03-25', 'PL', 4184),
('2019-03-25', 'PL', 7395),
('2019-03-25', 'PL', 7395),
('2019-03-25', 'PL', 11505),
('2019-03-25', 'PT', 11505),
('2019-03-25', 'RO', 11505),
('2019-03-25', 'RS', 11505),
('2019-03-25', 'RU', 11508),
('2019-03-25', 'RU', 11632),
('2019-03-25', 'SE', 11634),
('2019-03-25', 'SE', 11634),
('2019-03-25', 'TH', 4214),
('2019-03-25', 'TH', 4203),
('2019-03-25', 'TH', 14567),
('2019-03-25', 'TN', 2509),
('2019-03-25', 'TR', 12626),
('2019-03-25', 'UA', 2821),
('2019-03-25', 'US', 13734),
('2019-03-25', 'US', 5022),
('2019-03-25', 'US', 5059),
('2019-03-25', 'US', 5059),
('2019-03-25', 'US', 4888),
('2019-03-25', 'US', 5112),
('2019-03-25', 'US', 4941),
('2019-03-25', 'US', 5008),
('2019-03-25', 'US', 5136),
('2019-03-25', 'US', 5078),
('2019-03-25', 'US', 5012),
('2019-03-25', 'US', 2255),
('2019-03-25', 'US', 9441),
('2019-03-25', 'US', 9438),
('2019-03-25', 'US', 9451),
('2019-03-25', 'US', 9444),
('2019-03-25', 'US', 9444),
('2019-03-25', 'US', 7006),
('2019-03-25', 'US', 9232),
('2019-03-25', 'US', 8092),
('2019-03-25', 'US', 9532),
('2019-03-25', 'US', 6860),
('2019-03-25', 'US', 13572),
('2019-03-25', 'US', 13651),
('2019-03-25', 'US', 5892),
('2019-03-25', 'US', 6688),
('2019-03-25', 'US', 8581),
('2019-03-25', 'US', 8653),
('2019-03-25', 'US', 11940),
('2019-03-25', 'US', 4182),
('2019-03-25', 'US', 10790),
('2019-03-25', 'US', 11526),
('2019-03-25', 'US', 11528),
('2019-03-25', 'US', 7302),
('2019-03-25', 'US', 7302),
('2019-03-26', 'AE', 7191),
('2019-03-26', 'AE', 15114),
('2019-03-26', 'AU', 11459),
('2019-03-26', 'AZ', 12015),
('2019-03-26', 'BE', 12019),
('2019-03-26', 'BG', 10941),
('2019-03-26', 'BO', 7431),
('2019-03-26', 'BR', 11011),
('2019-03-26', 'BY', 11006),
('2019-03-26', 'CH', 8592),
('2019-03-26', 'CH', 11945),
('2019-03-26', 'CL', 11934),
('2019-03-26', 'CL', 11433),
('2019-03-26', 'CO', 7234),
('2019-03-26', 'CZ', 11656),
('2019-03-26', 'CZ', 11513),
('2019-03-26', 'CZ', 11484),
('2019-03-26', 'DE', 11270),
('2019-03-26', 'DE', 11270),
('2019-03-26', 'DE', 10968),
('2019-03-26', 'DE', 11208),
('2019-03-26', 'DE', 11214),
('2019-03-26', 'DE', 11870),
('2019-03-26', 'DE', 11108),
('2019-03-26', 'DE', 11108),
('2019-03-26', 'DE', 15577),
('2019-03-26', 'DE', 7492),
('2019-03-26', 'DK', 7377),
('2019-03-26', 'DZ', 11443),
('2019-03-26', 'ES', 7280),
('2019-03-26', 'ES', 11780),
('2019-03-26', 'FR', 8646),
('2019-03-26', 'GB', 8456),
('2019-03-26', 'GB', 7291),
('2019-03-26', 'GB', 15780),
('2019-03-26', 'GB', 8523),
('2019-03-26', 'GB', 11211),
('2019-03-26', 'GT', 8608),
('2019-03-26', 'GT', 8601),
('2019-03-26', 'IN', 15164),
('2019-03-26', 'IN', 4184),
('2019-03-26', 'IN', 11505),
('2019-03-26', 'IN', 11505),
('2019-03-26', 'IN', 11508),
('2019-03-26', 'IR', 11632),
('2019-03-26', 'IT', 11632),
('2019-03-26', 'IT', 11632),
('2019-03-26', 'IT', 11627),
('2019-03-26', 'IT', 11634),
('2019-03-26', 'MK', 15681),
('2019-03-26', 'MM', 11825),
('2019-03-26', 'MT', 15158),
('2019-03-26', 'NL', 13995),
('2019-03-26', 'NL', 11025),
('2019-03-26', 'PH', 14501),
('2019-03-26', 'PK', 14464),
('2019-03-26', 'PK', 13209),
('2019-03-26', 'RO', 6893),
('2019-03-26', 'RO', 6821),
('2019-03-26', 'RO', 13949),
('2019-03-26', 'RU', 12556),
('2019-03-26', 'TH', 3617),
('2019-03-26', 'UA', 4997),
('2019-03-26', 'UA', 4883),
('2019-03-26', 'UA', 5008),
('2019-03-26', 'UA', 4909),
('2019-03-26', 'US', 4909),
('2019-03-26', 'US', 5061),
('2019-03-26', 'US', 4881),
('2019-03-26', 'US', 5062),
('2019-03-26', 'US', 9434),
('2019-03-26', 'US', 7103),
('2019-03-26', 'US', 9640),
('2019-03-26', 'US', 10736),
('2019-03-26', 'US', 6853),
('2019-03-26', 'US', 14976),
('2019-03-26', 'US', 14631),
('2019-03-26', 'US', 11405),
('2019-03-26', 'US', 12080),
('2019-03-26', 'US', 12080),
('2019-03-26', 'US', 11503),
('2019-03-26', 'US', 8665),
('2019-03-26', 'US', 11182),
('2019-03-26', 'US', 11942),
('2019-03-26', 'US', 11940),
('2019-03-26', 'US', 15553),
('2019-03-26', 'US', 15451),
('2019-03-26', 'US', 11528),
('2019-03-26', 'US', 11528),
('2019-03-26', 'US', 7302),
('2019-03-26', 'US', 7262),
('2019-03-26', 'US', 7262),
('2019-03-26', 'US', 15114),
('2019-03-26', 'US', 12019),
('2019-03-26', 'US', 10943),
('2019-03-26', 'UY', 8655),
('2019-03-26', 'UY', 11731),
('2019-03-26', 'UY', 11731),
('2019-03-26', 'VN', 10926),
('2019-03-26', 'VN', 11935),
('2019-03-27', 'BE', 11152),
('2019-03-27', 'BG', 11152),
('2019-03-27', 'BR', 11433),
('2019-03-27', 'BR', 7498),
('2019-03-27', 'BR', 11296),
('2019-03-27', 'BY', 11296),
('2019-03-27', 'CN', 11296),
('2019-03-27', 'CO', 11296),
('2019-03-27', 'CR', 11296),
('2019-03-27', 'CZ', 11656),
('2019-03-27', 'CZ', 11656),
('2019-03-27', 'CZ', 15192),
('2019-03-27', 'DE', 11514),
('2019-03-27', 'DE', 11635),
('2019-03-27', 'DE', 11208),
('2019-03-27', 'DE', 11213),
('2019-03-27', 'DE', 11206),
('2019-03-27', 'ES', 7377),
('2019-03-27', 'ES', 11674),
('2019-03-27', 'FR', 11674),
('2019-03-27', 'GB', 7372),
('2019-03-27', 'GB', 7372),
('2019-03-27', 'GB', 15189),
('2019-03-27', 'GR', 11211),
('2019-03-27', 'GR', 11211),
('2019-03-27', 'HU', 11803),
('2019-03-27', 'IL', 8633),
('2019-03-27', 'IN', 14990),
('2019-03-27', 'IN', 15164),
('2019-03-27', 'IN', 15166),
('2019-03-27', 'IN', 4667),
('2019-03-27', 'IN', 11510),
('2019-03-27', 'IN', 14901),
('2019-03-27', 'IQ', 15158),
('2019-03-27', 'IR', 15188),
('2019-03-27', 'IT', 11217),
('2019-03-27', 'IT', 15410),
('2019-03-27', 'IT', 15410),
('2019-03-27', 'IT', 11166),
('2019-03-27', 'IT', 14434),
('2019-03-27', 'IT', 14464),
('2019-03-27', 'JO', 881),
('2019-03-27', 'NL', 979),
('2019-03-27', 'NL', 13971),
('2019-03-27', 'PE', 9240),
('2019-03-27', 'PH', 12603),
('2019-03-27', 'PH', 9508),
('2019-03-27', 'PK', 9642),
('2019-03-27', 'PL', 9496),
('2019-03-27', 'PL', 9252),
('2019-03-27', 'PT', 9252),
('2019-03-27', 'QA', 12743),
('2019-03-27', 'RO', 12743),
('2019-03-27', 'RU', 5071),
('2019-03-27', 'RU', 5059),
('2019-03-27', 'SA', 5059),
('2019-03-27', 'SE', 4898),
('2019-03-27', 'SE', 4997),
('2019-03-27', 'SE', 5120),
('2019-03-27', 'SE', 4888),
('2019-03-27', 'TH', 4890),
('2019-03-27', 'TW', 4989),
('2019-03-27', 'UA', 4983),
('2019-03-27', 'US', 5136),
('2019-03-27', 'US', 5136),
('2019-03-27', 'US', 5136),
('2019-03-27', 'US', 4979),
('2019-03-27', 'US', 5099),
('2019-03-27', 'US', 5134),
('2019-03-27', 'US', 4921),
('2019-03-27', 'US', 9441),
('2019-03-27', 'US', 9442),
('2019-03-27', 'US', 9451),
('2019-03-27', 'US', 9444),
('2019-03-27', 'US', 9444),
('2019-03-27', 'US', 9444),
('2019-03-27', 'US', 13390),
('2019-03-27', 'US', 12410),
('2019-03-27', 'US', 10673),
('2019-03-27', 'US', 10724),
('2019-03-27', 'US', 6853),
('2019-03-27', 'US', 13364),
('2019-03-27', 'US', 6827),
('2019-03-27', 'US', 11109),
('2019-03-27', 'US', 11503),
('2019-03-27', 'US', 8628),
('2019-03-27', 'US', 11182),
('2019-03-28', 'AR', 11940),
('2019-03-28', 'AR', 10659),
('2019-03-28', 'AR', 7240),
('2019-03-28', 'AR', 7348),
('2019-03-28', 'AR', 10790),
('2019-03-28', 'AR', 4196),
('2019-03-28', 'AT', 11526),
('2019-03-28', 'BE', 11526),
('2019-03-28', 'BR', 11528),
('2019-03-28', 'BY', 7218),
('2019-03-28', 'BY', 7218),
('2019-03-28', 'CH', 15114),
('2019-03-28', 'CH', 10943),
('2019-03-28', 'CN', 10943),
('2019-03-28', 'DE', 10941),
('2019-03-28', 'DE', 10941),
('2019-03-28', 'DE', 10942),
('2019-03-28', 'DE', 11278),
('2019-03-28', 'DE', 8655),
('2019-03-28', 'DE', 3942),
('2019-03-28', 'DE', 11934),
('2019-03-28', 'DE', 11433),
('2019-03-28', 'DE', 11645),
('2019-03-28', 'DE', 11546),
('2019-03-28', 'DE', 5051),
('2019-03-28', 'DE', 11515),
('2019-03-28', 'DE', 11105),
('2019-03-28', 'DK', 11383),
('2019-03-28', 'ES', 12021),
('2019-03-28', 'FI', 11911),
('2019-03-28', 'GB', 11270),
('2019-03-28', 'GB', 11846),
('2019-03-28', 'GB', 11846),
('2019-03-28', 'GB', 11210),
('2019-03-28', 'GB', 11436),
('2019-03-28', 'GR', 11438),
('2019-03-28', 'HK', 11855),
('2019-03-28', 'HU', 7377),
('2019-03-28', 'HU', 11443),
('2019-03-28', 'HU', 7353),
('2019-03-28', 'HU', 7353),
('2019-03-28', 'IE', 7495),
('2019-03-28', 'IL', 7495),
('2019-03-28', 'IN', 7293),
('2019-03-28', 'IN', 15189),
('2019-03-28', 'IN', 15189),
('2019-03-28', 'IN', 7443),
('2019-03-28', 'IR', 7443),
('2019-03-28', 'IR', 8561),
('2019-03-28', 'IR', 15190),
('2019-03-28', 'IR', 15129),
('2019-03-28', 'IR', 11586),
('2019-03-28', 'IR', 11013),
('2019-03-28', 'IT', 15153),
('2019-03-28', 'IT', 15166),
('2019-03-28', 'IT', 15211),
('2019-03-28', 'IT', 11505),
('2019-03-28', 'KZ', 11632),
('2019-03-28', 'MK', 11632),
('2019-03-28', 'NL', 11632),
('2019-03-28', 'NL', 15123),
('2019-03-28', 'NO', 15188),
('2019-03-28', 'NZ', 11161),
('2019-03-28', 'PE', 11161),
('2019-03-28', 'PH', 6939),
('2019-03-28', 'PH', 804),
('2019-03-28', 'PH', 2509),
('2019-03-28', 'PL', 9642),
('2019-03-28', 'PL', 9642),
('2019-03-28', 'PL', 9682),
('2019-03-28', 'PL', 9237),
('2019-03-28', 'RU', 6489),
('2019-03-28', 'SE', 9249),
('2019-03-28', 'SY', 9553),
('2019-03-28', 'TH', 12788),
('2019-03-28', 'TH', 5022),
('2019-03-28', 'TH', 5022),
('2019-03-28', 'TR', 5022),
('2019-03-28', 'TW', 5022),
('2019-03-28', 'TW', 5022),
('2019-03-28', 'UA', 5071),
('2019-03-28', 'UA', 5119),
('2019-03-28', 'UA', 4890),
('2019-03-28', 'UA', 4890),
('2019-03-28', 'UA', 5132),
('2019-03-28', 'UA', 4983),
('2019-03-28', 'US', 5136),
('2019-03-28', 'US', 5078),
('2019-03-28', 'US', 5134),
('2019-03-28', 'US', 4917),
('2019-03-28', 'US', 13255),
('2019-03-28', 'US', 15088),
('2019-03-28', 'US', 9434),
('2019-03-28', 'US', 9438),
('2019-03-28', 'US', 9451),
('2019-03-28', 'US', 8377),
('2019-03-28', 'US', 12787),
('2019-03-28', 'US', 13303),
('2019-03-28', 'US', 14884),
('2019-03-28', 'US', 6683),
('2019-03-28', 'US', 11998),
('2019-03-28', 'US', 11998),
('2019-03-28', 'US', 11109),
('2019-03-28', 'US', 11405),
('2019-03-28', 'US', 11435),
('2019-03-28', 'US', 11435),
('2019-03-28', 'US', 8581),
('2019-03-28', 'US', 8630),
('2019-03-28', 'US', 4182),
('2019-03-28', 'US', 4182),
('2019-03-28', 'US', 15193),
('2019-03-28', 'US', 2489),
('2019-03-28', 'US', 7302),
('2019-03-28', 'US', 7302),
('2019-03-28', 'VN', 7218),
('2019-03-28', 'ZA', 7218),
('2019-03-28', 'ZW', 11464),
('2019-03-29', 'AR', 12015),
('2019-03-29', 'AR', 12015),
('2019-03-29', 'AT', 9963),
('2019-03-29', 'AT', 11731),
('2019-03-29', 'AT', 11332),
('2019-03-29', 'AT', 11332),
('2019-03-29', 'BD', 11006),
('2019-03-29', 'BR', 11499),
('2019-03-29', 'BR', 11659),
('2019-03-29', 'CH', 11945),
('2019-03-29', 'CL', 11945),
('2019-03-29', 'CL', 11934),
('2019-03-29', 'CL', 11934),
('2019-03-29', 'CO', 11935),
('2019-03-29', 'DE', 11548),
('2019-03-29', 'DE', 11296),
('2019-03-29', 'DE', 5118),
('2019-03-29', 'DK', 5938),
('2019-03-29', 'EE', 11085),
('2019-03-29', 'ES', 11383),
('2019-03-29', 'ES', 12054),
('2019-03-29', 'FI', 11484),
('2019-03-29', 'FI', 11484),
('2019-03-29', 'FR', 11270),
('2019-03-29', 'FR', 11846),
('2019-03-29', 'FR', 11846),
('2019-03-29', 'GB', 11846),
('2019-03-29', 'GR', 11380),
('2019-03-29', 'GR', 11431),
('2019-03-29', 'HK', 11206),
('2019-03-29', 'HU', 11792),
('2019-03-29', 'IL', 8529),
('2019-03-29', 'IN', 7492),
('2019-03-29', 'IN', 15142),
('2019-03-29', 'IN', 8639),
('2019-03-29', 'IN', 11672),
('2019-03-29', 'IN', 7353),
('2019-03-29', 'IN', 7372),
('2019-03-29', 'IN', 7413),
('2019-03-29', 'IN', 6843),
('2019-03-29', 'IN', 4208),
('2019-03-29', 'IN', 3455),
('2019-03-29', 'IQ', 11536),
('2019-03-29', 'IR', 15780),
('2019-03-29', 'IR', 11594),
('2019-03-29', 'IT', 11211),
('2019-03-29', 'IT', 7347),
('2019-03-29', 'IT', 8602),
('2019-03-29', 'IT', 15153),
('2019-03-29', 'IT', 8575),
('2019-03-29', 'KH', 15164),
('2019-03-29', 'KR', 15136),
('2019-03-29', 'KZ', 9364),
('2019-03-29', 'LT', 9364),
('2019-03-29', 'MA', 4184),
('2019-03-29', 'MV', 15209),
('2019-03-29', 'NL', 11702),
('2019-03-29', 'NL', 11702),
('2019-03-29', 'NO', 4667),
('2019-03-29', 'PH', 11505),
('2019-03-29', 'PL', 11508),
('2019-03-29', 'PL', 11632),
('2019-03-29', 'PL', 11632),
('2019-03-29', 'RO', 11634),
('2019-03-29', 'RS', 15748),
('2019-03-29', 'RU', 4214),
('2019-03-29', 'RU', 14985),
('2019-03-29', 'SD', 8662),
('2019-03-29', 'SD', 15158),
('2019-03-29', 'SE', 15188),
('2019-03-29', 'SK', 15188),
('2019-03-29', 'TH', 15195),
('2019-03-29', 'TH', 11161),
('2019-03-29', 'TH', 14428),
('2019-03-29', 'TH', 14530),
('2019-03-29', 'TH', 14423),
('2019-03-29', 'TR', 14483),
('2019-03-29', 'TR', 9529),
('2019-03-29', 'TR', 10386),
('2019-03-29', 'UA', 9492),
('2019-03-29', 'UA', 9492),
('2019-03-29', 'UA', 9682),
('2019-03-29', 'US', 12610),
('2019-03-29', 'US', 5093),
('2019-03-29', 'US', 5022),
('2019-03-29', 'US', 5022),
('2019-03-29', 'US', 5069),
('2019-03-29', 'US', 5068),
('2019-03-29', 'US', 5112),
('2019-03-29', 'US', 5020),
('2019-03-29', 'US', 5058),
('2019-03-29', 'US', 4983),
('2019-03-29', 'US', 5061),
('2019-03-29', 'US', 5136),
('2019-03-29', 'US', 5078),
('2019-03-29', 'US', 5062),
('2019-03-29', 'US', 5062),
('2019-03-29', 'US', 4885),
('2019-03-29', 'US', 5134),
('2019-03-29', 'US', 5134),
('2019-03-29', 'US', 4894),
('2019-03-29', 'US', 4942),
('2019-03-29', 'US', 5546),
('2019-03-29', 'US', 1763),
('2019-03-29', 'US', 8019),
('2019-03-29', 'US', 9438),
('2019-03-29', 'US', 9451),
('2019-03-29', 'US', 9444),
('2019-03-29', 'US', 9444),
('2019-03-29', 'US', 8193),
('2019-03-29', 'US', 9720),
('2019-03-29', 'US', 6854),
('2019-03-29', 'US', 7058),
('2019-03-29', 'US', 7058),
('2019-03-29', 'US', 13998),
('2019-03-29', 'US', 13965),
('2019-03-29', 'US', 14876),
('2019-03-29', 'US', 7023),
('2019-03-29', 'US', 11970),
('2019-03-29', 'UZ', 11109),
('2019-03-29', 'UZ', 11109),
('2019-03-29', 'VN', 12081),
('2019-03-29', 'ZA', 12010),
('2019-03-29', 'ZA', 11224),
('2019-03-30', 'AL', 8581),
('2019-03-30', 'AM', 15182),
('2019-03-30', 'AT', 15182),
('2019-03-30', 'AT', 15182),
('2019-03-30', 'AT', 15182),
('2019-03-30', 'AU', 4186),
('2019-03-30', 'BA', 11528),
('2019-03-30', 'BD', 11528),
('2019-03-30', 'BE', 7302),
('2019-03-30', 'BE', 7262),
('2019-03-30', 'BO', 7218),
('2019-03-30', 'BR', 11468),
('2019-03-30', 'BR', 11458),
('2019-03-30', 'BR', 11458),
('2019-03-30', 'CH', 15154);
INSERT INTO `instalacje` (`data_i`, `kod_k`, `kod_u`) VALUES
('2019-03-30', 'CH', 12015),
('2019-03-30', 'CO', 12019),
('2019-03-30', 'CZ', 12017),
('2019-03-30', 'CZ', 10943),
('2019-03-30', 'DE', 10943),
('2019-03-30', 'DE', 9955),
('2019-03-30', 'EG', 11731),
('2019-03-30', 'ES', 11853),
('2019-03-30', 'ES', 11332),
('2019-03-30', 'ES', 10920),
('2019-03-30', 'ES', 11006),
('2019-03-30', 'ES', 11005),
('2019-03-30', 'FI', 11661),
('2019-03-30', 'FI', 11080),
('2019-03-30', 'FI', 11934),
('2019-03-30', 'GB', 11935),
('2019-03-30', 'GB', 11935),
('2019-03-30', 'GB', 11153),
('2019-03-30', 'GB', 8644),
('2019-03-30', 'GB', 11656),
('2019-03-30', 'GB', 11648),
('2019-03-30', 'GR', 11645),
('2019-03-30', 'GR', 11544),
('2019-03-30', 'GR', 4962),
('2019-03-30', 'HK', 5026),
('2019-03-30', 'HN', 5051),
('2019-03-30', 'HU', 11092),
('2019-03-30', 'IE', 11032),
('2019-03-30', 'IE', 11094),
('2019-03-30', 'IE', 11105),
('2019-03-30', 'IE', 12003),
('2019-03-30', 'IL', 11911),
('2019-03-30', 'IL', 11635),
('2019-03-30', 'IN', 11484),
('2019-03-30', 'IN', 11484),
('2019-03-30', 'IN', 11484),
('2019-03-30', 'IN', 11270),
('2019-03-30', 'IN', 11270),
('2019-03-30', 'IQ', 10968),
('2019-03-30', 'IR', 11263),
('2019-03-30', 'IR', 11277),
('2019-03-30', 'IT', 11855),
('2019-03-30', 'IT', 11206),
('2019-03-30', 'JO', 8529),
('2019-03-30', 'KE', 15140),
('2019-03-30', 'KG', 7492),
('2019-03-30', 'KZ', 7280),
('2019-03-30', 'KZ', 7495),
('2019-03-30', 'LA', 4208),
('2019-03-30', 'LT', 7219),
('2019-03-30', 'MA', 7292),
('2019-03-30', 'MN', 15189),
('2019-03-30', 'MN', 7330),
('2019-03-30', 'MX', 11013),
('2019-03-30', 'MX', 11013),
('2019-03-30', 'NL', 11013),
('2019-03-30', 'NO', 11211),
('2019-03-30', 'PE', 8601),
('2019-03-30', 'PH', 8602),
('2019-03-30', 'PH', 7212),
('2019-03-30', 'PH', 15201),
('2019-03-30', 'PH', 11505),
('2019-03-30', 'PL', 11508),
('2019-03-30', 'PL', 11508),
('2019-03-30', 'PT', 11634),
('2019-03-30', 'PT', 11634),
('2019-03-30', 'PT', 4214),
('2019-03-30', 'RO', 15181),
('2019-03-30', 'RO', 15181),
('2019-03-30', 'RS', 15181),
('2019-03-30', 'RU', 15158),
('2019-03-30', 'RU', 7362),
('2019-03-30', 'RU', 4203),
('2019-03-30', 'RU', 15188),
('2019-03-30', 'SE', 11917),
('2019-03-30', 'SI', 145),
('2019-03-30', 'SI', 804),
('2019-03-30', 'TH', 12632),
('2019-03-30', 'TH', 12632),
('2019-03-30', 'TH', 5126),
('2019-03-30', 'TH', 4989),
('2019-03-30', 'TH', 4881),
('2019-03-30', 'TH', 5134),
('2019-03-30', 'TR', 5131),
('2019-03-30', 'TR', 5116),
('2019-03-30', 'TR', 527),
('2019-03-30', 'TW', 7711),
('2019-03-30', 'UA', 9434),
('2019-03-30', 'UA', 9451),
('2019-03-30', 'UA', 891),
('2019-03-30', 'UA', 9545),
('2019-03-30', 'UA', 11386),
('2019-03-30', 'US', 11974),
('2019-03-30', 'US', 12010),
('2019-03-30', 'US', 15536),
('2019-03-30', 'US', 8581),
('2019-03-30', 'US', 1307),
('2019-03-30', 'US', 11528),
('2019-03-30', 'US', 10943),
('2019-03-30', 'US', 10943),
('2019-03-30', 'US', 10943),
('2019-03-30', 'US', 11731),
('2019-03-30', 'US', 11006),
('2019-03-30', 'US', 11656),
('2019-03-30', 'US', 11911),
('2019-03-30', 'US', 11635),
('2019-03-30', 'US', 11846),
('2019-03-30', 'US', 11206),
('2019-03-30', 'US', 11108),
('2019-03-30', 'US', 7495),
('2019-03-30', 'US', 15169),
('2019-03-30', 'US', 11261),
('2019-03-30', 'US', 4184),
('2019-03-30', 'US', 11508),
('2019-03-30', 'US', 11634),
('2019-03-30', 'US', 11634),
('2019-03-30', 'US', 11634),
('2019-03-30', 'US', 11119),
('2019-03-30', 'US', 15158),
('2019-03-30', 'US', 15188),
('2019-03-30', 'US', 11917),
('2019-03-30', 'US', 11161),
('2019-03-30', 'US', 14501),
('2019-03-30', 'US', 13209),
('2019-03-30', 'US', 13209),
('2019-03-30', 'US', 2069),
('2019-03-30', 'US', 12718),
('2019-03-30', 'US', 5097),
('2019-03-30', 'VE', 5120),
('2019-03-30', 'VN', 4895),
('2019-03-30', 'ZA', 5008),
('2019-02-01', 'AT', 821),
('2019-02-01', 'BR', 9642),
('2019-02-01', 'CH', 5022),
('2019-02-01', 'CH', 4970),
('2019-02-01', 'CZ', 5008),
('2019-02-01', 'DE', 4894),
('2019-02-01', 'DE', 4894),
('2019-02-01', 'DE', 8008),
('2019-02-01', 'DE', 9441),
('2019-02-01', 'FI', 9444),
('2019-02-01', 'FR', 10727),
('2019-02-01', 'ID', 8630),
('2019-02-01', 'IN', 4182),
('2019-02-01', 'IT', 8537),
('2019-02-01', 'MU', 11325),
('2019-02-01', 'NL', 11528),
('2019-02-01', 'NL', 12019),
('2019-02-01', 'NZ', 12019),
('2019-02-01', 'NZ', 10943),
('2019-02-01', 'PL', 10941),
('2019-02-01', 'PL', 11332),
('2019-02-01', 'PL', 11011),
('2019-02-01', 'SE', 11935),
('2019-02-01', 'UA', 11935),
('2019-02-01', 'UA', 12036),
('2019-02-01', 'US', 12036),
('2019-02-01', 'US', 11604),
('2019-02-01', 'US', 11296),
('2019-02-01', 'US', 11656),
('2019-02-01', 'US', 11956),
('2019-02-01', 'US', 11956),
('2019-02-01', 'US', 15192),
('2019-02-01', 'US', 11438),
('2019-02-01', 'US', 11792),
('2019-02-01', 'US', 7492),
('2019-02-01', 'US', 7492),
('2019-02-01', 'US', 7353),
('2019-02-01', 'US', 7219),
('2019-02-01', 'US', 11590),
('2019-02-01', 'US', 4195),
('2019-02-01', 'US', 4184),
('2019-02-01', 'US', 11508),
('2019-02-01', 'US', 11508),
('2019-02-01', 'ZA', 15181),
('2019-02-02', 'BD', 15181),
('2019-02-02', 'BE', 15158),
('2019-02-02', 'BO', 7044),
('2019-02-02', 'BY', 1898),
('2019-02-02', 'CA', 9612),
('2019-02-02', 'DE', 9612),
('2019-02-02', 'DE', 12748),
('2019-02-02', 'DE', 12749),
('2019-02-02', 'GB', 5022),
('2019-02-02', 'GB', 4890),
('2019-02-02', 'GB', 4999),
('2019-02-02', 'GB', 5062),
('2019-02-02', 'HU', 5062),
('2019-02-02', 'HU', 4894),
('2019-02-02', 'ID', 9438),
('2019-02-02', 'IN', 9451),
('2019-02-02', 'IN', 12909),
('2019-02-02', 'IN', 6811),
('2019-02-02', 'IN', 13450),
('2019-02-02', 'IN', 11386),
('2019-02-02', 'IT', 12010),
('2019-02-02', 'IT', 8653),
('2019-02-02', 'LT', 8626),
('2019-02-02', 'PH', 11002),
('2019-02-02', 'PK', 11528),
('2019-02-02', 'PL', 12019),
('2019-02-02', 'PL', 10941),
('2019-02-02', 'PL', 11332),
('2019-02-02', 'PY', 11935),
('2019-02-02', 'RU', 8595),
('2019-02-02', 'RU', 11656),
('2019-02-02', 'RU', 6030),
('2019-02-02', 'SE', 11635),
('2019-02-02', 'UA', 10970),
('2019-02-02', 'UA', 11431),
('2019-02-02', 'UA', 11675),
('2019-02-02', 'US', 7102),
('2019-02-02', 'US', 15160),
('2019-02-02', 'US', 8561),
('2019-02-02', 'US', 8530),
('2019-02-02', 'US', 11505),
('2019-02-02', 'US', 4214),
('2019-02-02', 'US', 4214),
('2019-02-02', 'US', 15181),
('2019-02-02', 'US', 15188),
('2019-02-02', 'US', 7425),
('2019-02-03', 'AM', 811),
('2019-02-03', 'AR', 811),
('2019-02-03', 'AT', 13413),
('2019-02-03', 'AT', 12663),
('2019-02-03', 'AU', 12729),
('2019-02-03', 'AU', 5012),
('2019-02-03', 'BR', 6582),
('2019-02-03', 'BR', 6582),
('2019-02-03', 'CA', 9434),
('2019-02-03', 'DE', 12403),
('2019-02-03', 'DE', 12403),
('2019-02-03', 'FR', 12642),
('2019-02-03', 'FR', 1487),
('2019-02-03', 'FR', 11998),
('2019-02-03', 'IN', 11224),
('2019-02-03', 'IR', 11981),
('2019-02-03', 'IT', 11891),
('2019-02-03', 'IT', 15114),
('2019-02-03', 'MX', 15114),
('2019-02-03', 'PL', 15154),
('2019-02-03', 'RO', 8656),
('2019-02-03', 'SE', 11011),
('2019-02-03', 'TR', 11006),
('2019-02-03', 'US', 8592),
('2019-02-03', 'US', 11987),
('2019-02-03', 'US', 11604),
('2019-02-03', 'US', 11961),
('2019-02-03', 'US', 7492),
('2019-02-03', 'US', 15142),
('2019-02-03', 'US', 8561),
('2019-02-03', 'US', 11211),
('2019-02-03', 'US', 11505),
('2019-02-03', 'US', 11508),
('2019-02-03', 'US', 11634),
('2019-02-03', 'VN', 15418),
('2019-02-04', 'BG', 14434),
('2019-02-04', 'CA', 937),
('2019-02-04', 'CA', 12800),
('2019-02-04', 'CA', 12729),
('2019-02-04', 'CH', 4022),
('2019-02-04', 'CH', 4997),
('2019-02-04', 'DE', 4883),
('2019-02-04', 'DE', 5091),
('2019-02-04', 'DE', 4894),
('2019-02-04', 'DE', 13389),
('2019-02-04', 'DE', 9434),
('2019-02-04', 'FR', 9444),
('2019-02-04', 'GB', 14104),
('2019-02-04', 'IT', 11974),
('2019-02-04', 'IT', 11998),
('2019-02-04', 'IT', 11109),
('2019-02-04', 'IT', 11994),
('2019-02-04', 'KR', 8649),
('2019-02-04', 'KR', 15182),
('2019-02-04', 'MT', 11461),
('2019-02-04', 'MY', 10941),
('2019-02-04', 'MY', 7199),
('2019-02-04', 'MY', 11011),
('2019-02-04', 'MY', 11006),
('2019-02-04', 'PH', 11659),
('2019-02-04', 'PL', 11934),
('2019-02-04', 'PL', 11935),
('2019-02-04', 'PL', 11433),
('2019-02-04', 'RU', 7498),
('2019-02-04', 'SK', 11645),
('2019-02-04', 'UA', 11383),
('2019-02-04', 'US', 11270),
('2019-02-04', 'US', 11263),
('2019-02-04', 'US', 7447),
('2019-02-04', 'US', 15142),
('2019-02-04', 'US', 4208),
('2019-02-04', 'US', 15166),
('2019-02-04', 'US', 7395),
('2019-02-04', 'US', 7395),
('2019-02-04', 'US', 11505),
('2019-02-04', 'US', 11508),
('2019-02-04', 'US', 11632),
('2019-02-04', 'US', 11169),
('2019-02-04', 'US', 7099),
('2019-02-04', 'US', 1294),
('2019-02-04', 'US', 837),
('2019-02-04', 'US', 13482),
('2019-02-05', 'AT', 4970),
('2019-02-05', 'BR', 2256),
('2019-02-05', 'DE', 6383),
('2019-02-05', 'DE', 9442),
('2019-02-05', 'DO', 7015),
('2019-02-05', 'ES', 7015),
('2019-02-05', 'FR', 15615),
('2019-02-05', 'GR', 10658),
('2019-02-05', 'HK', 15696),
('2019-02-05', 'IT', 11523),
('2019-02-05', 'MX', 11523),
('2019-02-05', 'NL', 7302),
('2019-02-05', 'NL', 7302),
('2019-02-05', 'PE', 12019),
('2019-02-05', 'RO', 10943),
('2019-02-05', 'RS', 8667),
('2019-02-05', 'TT', 15167),
('2019-02-05', 'UA', 11935),
('2019-02-05', 'UA', 11654),
('2019-02-05', 'US', 11655),
('2019-02-05', 'US', 11383),
('2019-02-05', 'US', 11350),
('2019-02-05', 'US', 11210),
('2019-02-05', 'US', 4208),
('2019-02-05', 'US', 11773),
('2019-02-05', 'US', 8586),
('2019-02-05', 'US', 15188),
('2019-02-05', 'US', 11025),
('2019-02-05', 'US', 13413),
('2019-02-05', 'US', 12589),
('2019-02-06', 'CA', 5039),
('2019-02-06', 'DE', 5022),
('2019-02-06', 'ES', 4888),
('2019-02-06', 'ES', 5134),
('2019-02-06', 'ES', 4921),
('2019-02-06', 'FR', 4960),
('2019-02-06', 'GB', 9434),
('2019-02-06', 'HK', 984),
('2019-02-06', 'HR', 7134),
('2019-02-06', 'HU', 10662),
('2019-02-06', 'ID', 6827),
('2019-02-06', 'IR', 15182),
('2019-02-06', 'IT', 7191),
('2019-02-06', 'IT', 7343),
('2019-02-06', 'NL', 11461),
('2019-02-06', 'NO', 10943),
('2019-02-06', 'NZ', 10941),
('2019-02-06', 'OM', 10941),
('2019-02-06', 'PL', 11011),
('2019-02-06', 'RO', 11006),
('2019-02-06', 'RS', 11945),
('2019-02-06', 'SE', 11935),
('2019-02-06', 'US', 11935),
('2019-02-06', 'US', 10949),
('2019-02-06', 'US', 11302),
('2019-02-06', 'US', 11656),
('2019-02-06', 'US', 11656),
('2019-02-06', 'US', 11655),
('2019-02-06', 'US', 11383),
('2019-02-06', 'US', 11669),
('2019-02-06', 'US', 7353),
('2019-02-06', 'US', 7495),
('2019-02-06', 'US', 7219),
('2019-02-06', 'US', 11211),
('2019-02-06', 'US', 8575),
('2019-02-06', 'US', 7264),
('2019-02-06', 'US', 4184),
('2019-02-06', 'US', 11632),
('2019-02-06', 'US', 15748),
('2019-02-06', 'US', 15158),
('2019-02-06', 'US', 12768),
('2019-02-06', 'US', 5022),
('2019-02-07', 'AR', 4997),
('2019-02-07', 'AU', 4989),
('2019-02-07', 'AU', 4909),
('2019-02-07', 'BO', 5012),
('2019-02-07', 'CA', 9434),
('2019-02-07', 'CH', 7103),
('2019-02-07', 'CH', 14142),
('2019-02-07', 'CL', 11386),
('2019-02-07', 'DE', 11109),
('2019-02-07', 'DE', 11435),
('2019-02-07', 'DE', 8581),
('2019-02-07', 'DE', 7246),
('2019-02-07', 'DE', 7296),
('2019-02-07', 'DE', 7354),
('2019-02-07', 'DE', 7302),
('2019-02-07', 'DE', 12015),
('2019-02-07', 'FR', 12019),
('2019-02-07', 'ID', 12019),
('2019-02-07', 'IT', 10943),
('2019-02-07', 'IT', 10943),
('2019-02-07', 'IT', 10941),
('2019-02-07', 'IT', 10919),
('2019-02-07', 'LT', 11011),
('2019-02-07', 'LU', 11544),
('2019-02-07', 'NL', 11270),
('2019-02-07', 'PH', 11208),
('2019-02-07', 'RO', 11209),
('2019-02-07', 'SE', 11106),
('2019-02-07', 'SK', 7377),
('2019-02-07', 'US', 11098),
('2019-02-07', 'US', 7353),
('2019-02-07', 'US', 7280),
('2019-02-07', 'US', 11590),
('2019-02-07', 'US', 15184),
('2019-02-07', 'US', 8620),
('2019-02-07', 'US', 15136),
('2019-02-07', 'US', 11505),
('2019-02-07', 'US', 11634),
('2019-02-07', 'US', 11634),
('2019-02-07', 'US', 11119),
('2019-02-07', 'US', 15513),
('2019-02-07', 'US', 11920),
('2019-02-07', 'US', 13468),
('2019-02-07', 'US', 13425),
('2019-02-07', 'US', 13413),
('2019-02-07', 'US', 12526),
('2019-02-07', 'US', 4883),
('2019-02-07', 'US', 5008),
('2019-02-08', 'AT', 5008),
('2019-02-08', 'BE', 5078),
('2019-02-08', 'CA', 5012),
('2019-02-08', 'CL', 4894),
('2019-02-08', 'CN', 4960),
('2019-02-08', 'DE', 5116),
('2019-02-08', 'DE', 11109),
('2019-02-08', 'DE', 15182),
('2019-02-08', 'DE', 15451),
('2019-02-08', 'ES', 15154),
('2019-02-08', 'FR', 12019),
('2019-02-08', 'IE', 12019),
('2019-02-08', 'IE', 8667),
('2019-02-08', 'IT', 7216),
('2019-02-08', 'IT', 11302),
('2019-02-08', 'PK', 11302),
('2019-02-08', 'PL', 11484),
('2019-02-08', 'PL', 10975),
('2019-02-08', 'PL', 10958),
('2019-02-08', 'PL', 8646),
('2019-02-08', 'RU', 8951),
('2019-02-08', 'SY', 11586),
('2019-02-08', 'UA', 11211),
('2019-02-08', 'US', 11211),
('2019-02-08', 'US', 4184),
('2019-02-08', 'US', 15122),
('2019-02-08', 'US', 11120),
('2019-02-08', 'US', 15188),
('2019-02-08', 'US', 14464),
('2019-02-08', 'US', 12589),
('2019-02-08', 'US', 5022),
('2019-02-08', 'US', 4997),
('2019-02-08', 'US', 4888),
('2019-02-08', 'US', 4890),
('2019-02-09', 'AR', 5112),
('2019-02-09', 'AT', 4883),
('2019-02-09', 'BE', 4883),
('2019-02-09', 'CA', 5062),
('2019-02-09', 'CH', 5062),
('2019-02-09', 'CZ', 5012),
('2019-02-09', 'DE', 4921),
('2019-02-09', 'DE', 9649),
('2019-02-09', 'DE', 6877),
('2019-02-09', 'DE', 7022),
('2019-02-09', 'DK', 11109),
('2019-02-09', 'DK', 15182),
('2019-02-09', 'ES', 8623),
('2019-02-09', 'ES', 11526),
('2019-02-09', 'ES', 11528),
('2019-02-09', 'ES', 7302),
('2019-02-09', 'FI', 15114),
('2019-02-09', 'GB', 11005),
('2019-02-09', 'HU', 11935),
('2019-02-09', 'HU', 11153),
('2019-02-09', 'HU', 11296),
('2019-02-09', 'ID', 11296),
('2019-02-09', 'IN', 11656),
('2019-02-09', 'IT', 4780),
('2019-02-09', 'IT', 11910),
('2019-02-09', 'KH', 11105),
('2019-02-09', 'MV', 11911),
('2019-02-09', 'MX', 11911),
('2019-02-09', 'NL', 11270),
('2019-02-09', 'PL', 11276),
('2019-02-09', 'PL', 11870),
('2019-02-09', 'RO', 7353),
('2019-02-09', 'RU', 7353),
('2019-02-09', 'SE', 7293),
('2019-02-09', 'SG', 7211),
('2019-02-09', 'SK', 11770),
('2019-02-09', 'TR', 7347),
('2019-02-09', 'US', 7347),
('2019-02-09', 'US', 11184),
('2019-02-09', 'US', 11505),
('2019-02-09', 'US', 11505),
('2019-02-09', 'US', 11508),
('2019-02-09', 'US', 11634),
('2019-02-09', 'US', 4214),
('2019-02-09', 'US', 4203),
('2019-02-09', 'US', 15188),
('2019-02-09', 'US', 15195),
('2019-02-09', 'US', 6792),
('2019-02-09', 'US', 894),
('2019-02-09', 'US', 12610),
('2019-02-09', 'US', 5059),
('2019-02-09', 'US', 4997),
('2019-02-09', 'US', 4890),
('2019-02-10', 'AR', 4883),
('2019-02-10', 'AR', 4883),
('2019-02-10', 'AT', 4999),
('2019-02-10', 'AU', 5012),
('2019-02-10', 'AU', 4960),
('2019-02-10', 'AU', 6991),
('2019-02-10', 'CH', 7615),
('2019-02-10', 'CH', 13389),
('2019-02-10', 'CL', 5262),
('2019-02-10', 'CZ', 7022),
('2019-02-10', 'DE', 11998),
('2019-02-10', 'DE', 11405),
('2019-02-10', 'DE', 8581),
('2019-02-10', 'DE', 8626),
('2019-02-10', 'DE', 15182),
('2019-02-10', 'DE', 12015),
('2019-02-10', 'DE', 12019),
('2019-02-10', 'DK', 10943),
('2019-02-10', 'DK', 10943),
('2019-02-10', 'FR', 10941),
('2019-02-10', 'FR', 11332),
('2019-02-10', 'FR', 11011),
('2019-02-10', 'FR', 11011),
('2019-02-10', 'FR', 11006),
('2019-02-10', 'GB', 11006),
('2019-02-10', 'GB', 11935),
('2019-02-10', 'GB', 10953),
('2019-02-10', 'GB', 10953),
('2019-02-10', 'GB', 7498),
('2019-02-10', 'GB', 11296),
('2019-02-10', 'GB', 4962),
('2019-02-10', 'GB', 13416),
('2019-02-10', 'GB', 11061),
('2019-02-10', 'IR', 7447),
('2019-02-10', 'IR', 11685),
('2019-02-10', 'IT', 15160),
('2019-02-10', 'NL', 4208),
('2019-02-10', 'NL', 15189),
('2019-02-10', 'NP', 8561),
('2019-02-10', 'PH', 4192),
('2019-02-10', 'PL', 11211),
('2019-02-10', 'RU', 7347),
('2019-02-10', 'RU', 8612),
('2019-02-10', 'UA', 11261),
('2019-02-10', 'US', 4184),
('2019-02-10', 'US', 11505),
('2019-02-10', 'US', 11508),
('2019-02-10', 'US', 11632),
('2019-02-10', 'US', 11634),
('2019-02-10', 'US', 11634),
('2019-02-10', 'US', 11634),
('2019-02-10', 'US', 11633),
('2019-02-10', 'US', 15181),
('2019-02-10', 'US', 4203),
('2019-02-10', 'US', 11171),
('2019-02-10', 'US', 12766),
('2019-02-10', 'US', 5022),
('2019-02-10', 'US', 5091),
('2019-02-10', 'US', 4992),
('2019-02-10', 'US', 9265),
('2019-02-10', 'US', 9438),
('2019-02-10', 'US', 9451),
('2019-02-10', 'UY', 9451),
('2019-02-11', 'BR', 9451),
('2019-02-11', 'BR', 9444),
('2019-02-11', 'CA', 1018),
('2019-02-11', 'CH', 13321),
('2019-02-11', 'DE', 5507),
('2019-02-11', 'DE', 7016),
('2019-02-11', 'DE', 15536),
('2019-02-11', 'DK', 15536),
('2019-02-11', 'DZ', 8581),
('2019-02-11', 'FR', 11528),
('2019-02-11', 'FR', 11891),
('2019-02-11', 'GB', 10943),
('2019-02-11', 'ID', 10941),
('2019-02-11', 'IN', 10941),
('2019-02-11', 'IT', 4802),
('2019-02-11', 'MA', 11299),
('2019-02-11', 'PE', 11640),
('2019-02-11', 'PL', 11105),
('2019-02-11', 'RU', 12055),
('2019-02-11', 'RU', 11270),
('2019-02-11', 'SE', 11108),
('2019-02-11', 'TH', 8529),
('2019-02-11', 'US', 7353),
('2019-02-11', 'US', 3455),
('2019-02-11', 'US', 7219),
('2019-02-11', 'US', 7443),
('2019-02-11', 'US', 15166),
('2019-02-11', 'US', 11508),
('2019-02-11', 'US', 11512),
('2019-02-11', 'US', 11161),
('2019-02-11', 'US', 903),
('2019-02-11', 'US', 9240),
('2019-02-11', 'US', 5059),
('2019-02-11', 'US', 4960),
('2019-02-11', 'US', 863),
('2019-02-11', 'US', 7253),
('2019-02-11', 'US', 8537),
('2019-02-11', 'US', 7302),
('2019-02-12', 'AU', 7191),
('2019-02-12', 'CA', 10941),
('2019-02-12', 'DE', 11605),
('2019-02-12', 'DE', 11296),
('2019-02-12', 'DE', 11656),
('2019-02-12', 'DZ', 11640),
('2019-02-12', 'DZ', 4906),
('2019-02-12', 'ES', 5051),
('2019-02-12', 'ES', 11382),
('2019-02-12', 'IL', 11846),
('2019-02-12', 'IL', 8627),
('2019-02-12', 'IR', 8627),
('2019-02-12', 'LT', 8564),
('2019-02-12', 'MX', 11712),
('2019-02-12', 'NL', 11505),
('2019-02-12', 'NL', 11505),
('2019-02-12', 'NZ', 11505),
('2019-02-12', 'RU', 11512),
('2019-02-12', 'RU', 11634),
('2019-02-12', 'US', 4214),
('2019-02-12', 'US', 15188),
('2019-02-12', 'US', 12718),
('2019-02-12', 'US', 4888),
('2019-02-12', 'US', 5062),
('2019-02-12', 'US', 9439),
('2019-02-12', 'US', 9442),
('2019-02-12', 'US', 9438),
('2019-02-12', 'US', 9451),
('2019-02-12', 'US', 7104),
('2019-02-12', 'VN', 4182),
('2019-02-13', 'AR', 11806),
('2019-02-13', 'AR', 11523),
('2019-02-13', 'BD', 10930),
('2019-02-13', 'BR', 11010),
('2019-02-13', 'CH', 11152),
('2019-02-13', 'DE', 11296),
('2019-02-13', 'DE', 11296),
('2019-02-13', 'DE', 11304),
('2019-02-13', 'ES', 11645),
('2019-02-13', 'ES', 4700),
('2019-02-13', 'FR', 4962),
('2019-02-13', 'FR', 11092),
('2019-02-13', 'FR', 11092),
('2019-02-13', 'GB', 11514),
('2019-02-13', 'GB', 10970),
('2019-02-13', 'GR', 11213),
('2019-02-13', 'HK', 11456),
('2019-02-13', 'IN', 11876),
('2019-02-13', 'IT', 11685),
('2019-02-13', 'IT', 7280),
('2019-02-13', 'LB', 7333),
('2019-02-13', 'MX', 7372),
('2019-02-13', 'NI', 7264),
('2019-02-13', 'PL', 11508),
('2019-02-13', 'RU', 11508),
('2019-02-13', 'RU', 11508),
('2019-02-13', 'US', 11508),
('2019-02-13', 'US', 4203),
('2019-02-13', 'US', 15188),
('2019-02-13', 'US', 11169),
('2019-02-13', 'US', 9584),
('2019-02-13', 'US', 5022),
('2019-02-13', 'US', 4909),
('2019-02-13', 'US', 5136),
('2019-02-13', 'US', 4921),
('2019-02-13', 'US', 6853),
('2019-02-13', 'US', 7104),
('2019-02-13', 'US', 11405),
('2019-02-13', 'US', 15168),
('2019-02-13', 'US', 15193),
('2019-02-13', 'US', 10790),
('2019-02-13', 'US', 15154),
('2019-02-13', 'US', 11731),
('2019-02-14', 'AR', 11499),
('2019-02-14', 'AT', 11935),
('2019-02-14', 'AT', 11656),
('2019-02-14', 'AU', 4842),
('2019-02-14', 'BD', 4906),
('2019-02-14', 'CN', 11908),
('2019-02-14', 'CZ', 10979),
('2019-02-14', 'DE', 11347),
('2019-02-14', 'DE', 10968),
('2019-02-14', 'DE', 11208),
('2019-02-14', 'DE', 11672),
('2019-02-14', 'DE', 7353),
('2019-02-14', 'DE', 10958),
('2019-02-14', 'DE', 7442),
('2019-02-14', 'GB', 8601),
('2019-02-14', 'IL', 11508),
('2019-02-14', 'IT', 11508),
('2019-02-14', 'IT', 11634),
('2019-02-14', 'NL', 4214),
('2019-02-14', 'PH', 7324),
('2019-02-14', 'PL', 4203),
('2019-02-14', 'PL', 11161),
('2019-02-14', 'SA', 14468),
('2019-02-14', 'SI', 978),
('2019-02-14', 'TR', 9240),
('2019-02-14', 'US', 4890),
('2019-02-14', 'US', 4881),
('2019-02-14', 'US', 4964),
('2019-02-14', 'US', 4964),
('2019-02-14', 'US', 6840),
('2019-02-14', 'US', 963),
('2019-02-14', 'US', 11109),
('2019-02-14', 'US', 11407),
('2019-02-14', 'US', 11435),
('2019-02-14', 'US', 12010),
('2019-02-14', 'US', 8653),
('2019-02-14', 'UY', 8658),
('2019-02-14', 'ZA', 11528),
('2019-02-15', 'AR', 12015),
('2019-02-15', 'AR', 10941),
('2019-02-15', 'AT', 10964),
('2019-02-15', 'AU', 7234),
('2019-02-15', 'AU', 11277),
('2019-02-15', 'AU', 11431),
('2019-02-15', 'BG', 6848),
('2019-02-15', 'BY', 7372),
('2019-02-15', 'CO', 8558),
('2019-02-15', 'DE', 11211),
('2019-02-15', 'DE', 11261),
('2019-02-15', 'FR', 15166),
('2019-02-15', 'FR', 11634),
('2019-02-15', 'GB', 15158),
('2019-02-15', 'HR', 15188),
('2019-02-15', 'IN', 11918),
('2019-02-15', 'IN', 11161),
('2019-02-15', 'IT', 11025),
('2019-02-15', 'IT', 9432),
('2019-02-15', 'MX', 13413),
('2019-02-15', 'PH', 12748),
('2019-02-15', 'RU', 5022),
('2019-02-15', 'RU', 5022),
('2019-02-15', 'RU', 5069),
('2019-02-15', 'RU', 4883),
('2019-02-15', 'SE', 5241),
('2019-02-15', 'SI', 9265),
('2019-02-15', 'UA', 9438),
('2019-02-15', 'US', 9438),
('2019-02-15', 'US', 11109),
('2019-02-15', 'US', 11109),
('2019-02-15', 'US', 15536),
('2019-02-15', 'US', 4186),
('2019-02-15', 'US', 11528),
('2019-02-15', 'US', 10941),
('2019-02-15', 'US', 11281),
('2019-02-16', 'AR', 11011),
('2019-02-16', 'AR', 11945),
('2019-02-16', 'BR', 11935),
('2019-02-16', 'BY', 8644),
('2019-02-16', 'CZ', 11656),
('2019-02-16', 'DE', 11656),
('2019-02-16', 'DE', 11438),
('2019-02-16', 'DE', 11675),
('2019-02-16', 'DE', 6776),
('2019-02-16', 'DE', 6925),
('2019-02-16', 'DE', 15189),
('2019-02-16', 'DE', 11184),
('2019-02-16', 'DE', 7394),
('2019-02-16', 'DE', 11784),
('2019-02-16', 'DE', 11505),
('2019-02-16', 'DE', 4214),
('2019-02-16', 'DE', 15158),
('2019-02-16', 'ES', 4203),
('2019-02-16', 'FR', 11161),
('2019-02-16', 'FR', 11166),
('2019-02-16', 'IL', 9432),
('2019-02-16', 'IN', 6791),
('2019-02-16', 'IN', 13366),
('2019-02-16', 'IT', 894),
('2019-02-16', 'IT', 1805),
('2019-02-16', 'IT', 5120),
('2019-02-16', 'NL', 4888),
('2019-02-16', 'NZ', 5078),
('2019-02-16', 'PL', 4979),
('2019-02-16', 'RU', 4960),
('2019-02-16', 'TR', 9224),
('2019-02-16', 'US', 7074),
('2019-02-16', 'US', 11109),
('2019-02-16', 'US', 11435),
('2019-02-16', 'US', 4182),
('2019-02-16', 'US', 11526),
('2019-02-16', 'US', 15114),
('2019-02-16', 'US', 12015),
('2019-02-16', 'US', 12019),
('2019-02-16', 'US', 10943),
('2019-02-16', 'US', 10941),
('2019-02-16', 'US', 64),
('2019-02-17', 'AN', 15167),
('2019-02-17', 'AR', 11332),
('2019-02-17', 'AU', 10925),
('2019-02-17', 'BO', 11945),
('2019-02-17', 'CH', 11935),
('2019-02-17', 'CH', 11935),
('2019-02-17', 'CZ', 11296),
('2019-02-17', 'DE', 11302),
('2019-02-17', 'DE', 11656),
('2019-02-17', 'ES', 11656),
('2019-02-17', 'ES', 11656),
('2019-02-17', 'ES', 11656),
('2019-02-17', 'FI', 11382),
('2019-02-17', 'FR', 11911),
('2019-02-17', 'FR', 11310),
('2019-02-17', 'GB', 15140),
('2019-02-17', 'GR', 7353),
('2019-02-17', 'ID', 7219),
('2019-02-17', 'IN', 15189),
('2019-02-17', 'IT', 15780),
('2019-02-17', 'IT', 7435),
('2019-02-17', 'JP', 7435),
('2019-02-17', 'KZ', 11586),
('2019-02-17', 'MX', 8600),
('2019-02-17', 'NL', 8564),
('2019-02-17', 'PA', 15115),
('2019-02-17', 'PE', 11505),
('2019-02-17', 'PH', 15681),
('2019-02-17', 'PK', 15181),
('2019-02-17', 'PK', 15418),
('2019-02-17', 'PL', 11901),
('2019-02-17', 'PL', 14523),
('2019-02-17', 'RO', 9553),
('2019-02-17', 'RU', 9553),
('2019-02-17', 'RU', 5069),
('2019-02-17', 'RU', 4895),
('2019-02-17', 'SE', 4883),
('2019-02-17', 'SE', 5104),
('2019-02-17', 'TR', 4960),
('2019-02-17', 'UA', 4960),
('2019-02-17', 'US', 8835),
('2019-02-17', 'US', 9434),
('2019-02-17', 'US', 15521),
('2019-02-17', 'US', 14017),
('2019-02-17', 'US', 11503),
('2019-02-17', 'US', 8626),
('2019-02-17', 'US', 15182),
('2019-02-17', 'US', 10941),
('2019-02-17', 'US', 11006),
('2019-02-17', 'US', 11935),
('2019-02-17', 'US', 11604),
('2019-02-17', 'US', 4185),
('2019-02-17', 'US', 11648),
('2019-02-18', 'CZ', 11514),
('2019-02-18', 'CZ', 11514),
('2019-02-18', 'FR', 11571),
('2019-02-18', 'GB', 11342),
('2019-02-18', 'IN', 11911),
('2019-02-18', 'IN', 11911),
('2019-02-18', 'IN', 11846),
('2019-02-18', 'IN', 11388),
('2019-02-18', 'IT', 8646),
('2019-02-18', 'IT', 8621),
('2019-02-18', 'JP', 11508),
('2019-02-18', 'MA', 15513),
('2019-02-18', 'MN', 11901),
('2019-02-18', 'NL', 15188),
('2019-02-18', 'PK', 15188),
('2019-02-18', 'PL', 11025),
('2019-02-18', 'PY', 902),
('2019-02-18', 'RU', 13977),
('2019-02-18', 'RU', 5069),
('2019-02-18', 'RU', 4888),
('2019-02-18', 'RU', 4888),
('2019-02-18', 'SK', 4895),
('2019-02-18', 'TR', 5078),
('2019-02-18', 'UA', 5078),
('2019-02-18', 'US', 4894),
('2019-02-18', 'US', 5506),
('2019-02-18', 'US', 9451),
('2019-02-18', 'US', 8581),
('2019-02-18', 'US', 8653),
('2019-02-18', 'US', 11526),
('2019-02-18', 'US', 7343),
('2019-02-18', 'US', 11935),
('2019-02-18', 'US', 4972),
('2019-02-18', 'US', 11052),
('2019-02-18', 'US', 7492),
('2019-02-18', 'US', 11617),
('2019-02-18', 'VN', 11672),
('2019-02-19', 'BE', 11443),
('2019-02-19', 'BH', 11100),
('2019-02-19', 'CH', 4208),
('2019-02-19', 'DE', 11143),
('2019-02-19', 'DE', 8523),
('2019-02-19', 'DE', 8602),
('2019-02-19', 'DE', 15441),
('2019-02-19', 'DE', 11627),
('2019-02-19', 'DK', 11240),
('2019-02-19', 'ES', 11027),
('2019-02-19', 'GB', 5022),
('2019-02-19', 'HU', 5071),
('2019-02-19', 'IN', 4888),
('2019-02-19', 'IT', 4952),
('2019-02-19', 'IT', 4992),
('2019-02-19', 'NL', 5012),
('2019-02-19', 'PL', 5011),
('2019-02-19', 'RS', 15477),
('2019-02-19', 'RU', 9441),
('2019-02-19', 'RU', 9444),
('2019-02-19', 'RU', 963),
('2019-02-19', 'RU', 11435),
('2019-02-19', 'SK', 12082),
('2019-02-19', 'US', 11526),
('2019-02-19', 'US', 11529),
('2019-02-19', 'US', 7302),
('2019-02-19', 'US', 15114),
('2019-02-19', 'US', 12019),
('2019-02-19', 'US', 10943),
('2019-02-19', 'US', 10941),
('2019-02-19', 'US', 10942),
('2019-02-19', 'US', 11130),
('2019-02-19', 'US', 11935),
('2019-02-19', 'US', 8595),
('2019-02-19', 'ZA', 11308),
('2019-02-20', 'BD', 11343),
('2019-02-20', 'CA', 11270),
('2019-02-20', 'CZ', 11201),
('2019-02-20', 'DE', 8529),
('2019-02-20', 'DE', 7492),
('2019-02-20', 'DE', 7399),
('2019-02-20', 'DE', 4208),
('2019-02-20', 'DE', 15189),
('2019-02-20', 'DE', 15189),
('2019-02-20', 'DE', 15189),
('2019-02-20', 'FR', 8575),
('2019-02-20', 'FR', 11505),
('2019-02-20', 'GB', 4214),
('2019-02-20', 'HU', 804),
('2019-02-20', 'IN', 12610),
('2019-02-20', 'IT', 12718),
('2019-02-20', 'IT', 12796),
('2019-02-20', 'IT', 5040),
('2019-02-20', 'PH', 4997),
('2019-02-20', 'PL', 4997),
('2019-02-20', 'RU', 4888),
('2019-02-20', 'RU', 4970),
('2019-02-20', 'RU', 5078),
('2019-02-20', 'SE', 5011),
('2019-02-20', 'US', 12776),
('2019-02-20', 'US', 9451),
('2019-02-20', 'US', 9451),
('2019-02-20', 'US', 9232),
('2019-02-20', 'US', 10683),
('2019-02-20', 'US', 12744),
('2019-02-20', 'US', 11109),
('2019-02-20', 'US', 11109),
('2019-02-20', 'US', 11435),
('2019-02-20', 'US', 8581),
('2019-02-20', 'US', 8630),
('2019-02-20', 'US', 8623),
('2019-02-20', 'US', 15199),
('2019-02-20', 'US', 11526),
('2019-02-20', 'US', 11528),
('2019-02-21', 'AR', 11528),
('2019-02-21', 'AU', 7302),
('2019-02-21', 'CH', 7343),
('2019-02-21', 'CL', 8669),
('2019-02-21', 'CO', 7308),
('2019-02-21', 'DE', 12036),
('2019-02-21', 'DE', 11987),
('2019-02-21', 'DE', 11655),
('2019-02-21', 'DE', 11908),
('2019-02-21', 'DE', 12054),
('2019-02-21', 'DE', 11263),
('2019-02-21', 'DE', 11431),
('2019-02-21', 'DK', 11855),
('2019-02-21', 'FR', 15140),
('2019-02-21', 'FR', 7353),
('2019-02-21', 'HU', 15189),
('2019-02-21', 'HU', 15169),
('2019-02-21', 'IL', 8619),
('2019-02-21', 'IT', 15201),
('2019-02-21', 'IT', 11505),
('2019-02-21', 'JP', 15181),
('2019-02-21', 'LV', 15188),
('2019-02-21', 'MX', 9231),
('2019-02-21', 'NL', 12658),
('2019-02-21', 'NZ', 4989),
('2019-02-21', 'PL', 5008),
('2019-02-21', 'PT', 9153),
('2019-02-21', 'QA', 9438),
('2019-02-21', 'RU', 13259),
('2019-02-21', 'RU', 11998),
('2019-02-21', 'SA', 8649),
('2019-02-21', 'SE', 11526),
('2019-02-21', 'SI', 11528),
('2019-02-21', 'SK', 7218),
('2019-02-21', 'UA', 12015),
('2019-02-21', 'UA', 12019),
('2019-02-21', 'US', 10943),
('2019-02-21', 'US', 11006),
('2019-02-21', 'US', 11006),
('2019-02-21', 'US', 11006),
('2019-02-21', 'US', 10959),
('2019-02-21', 'US', 11343),
('2019-02-21', 'US', 11343),
('2019-02-21', 'US', 10968),
('2019-02-21', 'US', 11855),
('2019-02-21', 'US', 11855),
('2019-02-21', 'US', 15577),
('2019-02-21', 'US', 8619),
('2019-02-21', 'US', 8564),
('2019-02-22', 'AR', 11260),
('2019-02-22', 'AR', 11508),
('2019-02-22', 'BE', 11632),
('2019-02-22', 'CA', 11161),
('2019-02-22', 'DE', 988),
('2019-02-22', 'DE', 4888),
('2019-02-22', 'FR', 5078),
('2019-02-22', 'GB', 5078),
('2019-02-22', 'GB', 5088),
('2019-02-22', 'GR', 4960),
('2019-02-22', 'IN', 1000),
('2019-02-22', 'IN', 11528),
('2019-02-22', 'NL', 12015),
('2019-02-22', 'NZ', 10943),
('2019-02-22', 'PL', 4802),
('2019-02-22', 'PL', 11194),
('2019-02-22', 'RS', 11731),
('2019-02-22', 'SE', 11011),
('2019-02-22', 'TR', 11304),
('2019-02-22', 'UA', 11531),
('2019-02-22', 'US', 10968),
('2019-02-22', 'US', 11263),
('2019-02-22', 'US', 11213),
('2019-02-22', 'US', 7377),
('2019-02-22', 'US', 7377),
('2019-02-22', 'US', 4208),
('2019-02-22', 'US', 15189),
('2019-02-22', 'US', 7212),
('2019-02-22', 'US', 11469),
('2019-02-22', 'US', 15209),
('2019-02-23', 'AE', 15166),
('2019-02-23', 'DE', 4214),
('2019-02-23', 'DE', 15158),
('2019-02-23', 'DE', 12720),
('2019-02-23', 'FR', 9481),
('2019-02-23', 'FR', 5022),
('2019-02-23', 'GB', 5071),
('2019-02-23', 'GB', 4988),
('2019-02-23', 'HK', 5112),
('2019-02-23', 'IN', 5008),
('2019-02-23', 'IS', 9444),
('2019-02-23', 'IT', 9232),
('2019-02-23', 'MD', 6854),
('2019-02-23', 'NZ', 11110),
('2019-02-23', 'PH', 8626),
('2019-02-23', 'RS', 883),
('2019-02-23', 'RS', 11525),
('2019-02-23', 'SE', 11011),
('2019-02-23', 'SK', 11011),
('2019-02-23', 'UA', 11011),
('2019-02-23', 'US', 11935),
('2019-02-23', 'US', 11302),
('2019-02-23', 'US', 11656),
('2019-02-23', 'US', 4962),
('2019-02-23', 'US', 11083),
('2019-02-23', 'US', 7265),
('2019-02-23', 'US', 7233),
('2019-02-23', 'US', 15153),
('2019-02-23', 'US', 8564),
('2019-02-23', 'US', 8564),
('2019-02-23', 'US', 8574),
('2019-02-23', 'ZA', 11261),
('2019-02-24', 'AR', 7416),
('2019-02-24', 'AT', 11632),
('2019-02-24', 'AU', 11632),
('2019-02-24', 'BR', 11634),
('2019-02-24', 'BR', 11826),
('2019-02-24', 'CA', 15181),
('2019-02-24', 'CA', 11120),
('2019-02-24', 'CA', 15418),
('2019-02-24', 'CL', 9237),
('2019-02-24', 'DE', 6489),
('2019-02-24', 'DE', 5022),
('2019-02-24', 'DE', 4888),
('2019-02-24', 'DE', 5083),
('2019-02-24', 'DE', 4883),
('2019-02-24', 'DZ', 5125),
('2019-02-24', 'EC', 4894),
('2019-02-24', 'ES', 4186),
('2019-02-24', 'ES', 11890),
('2019-02-24', 'FR', 15114),
('2019-02-24', 'FR', 12016),
('2019-02-24', 'GB', 10943),
('2019-02-24', 'IE', 11302),
('2019-02-24', 'MK', 11645),
('2019-02-24', 'MX', 11544),
('2019-02-24', 'NL', 11137),
('2019-02-24', 'PL', 11276),
('2019-02-24', 'PL', 11206),
('2019-02-24', 'RU', 7372),
('2019-02-24', 'SK', 7293),
('2019-02-24', 'US', 11929),
('2019-02-24', 'US', 8614),
('2019-02-24', 'US', 11505),
('2019-02-24', 'US', 11505),
('2019-02-24', 'US', 11634),
('2019-02-24', 'US', 11169),
('2019-02-24', 'US', 5022),
('2019-02-24', 'ZA', 4970),
('2019-02-25', 'AM', 5012),
('2019-02-25', 'AR', 6976),
('2019-02-25', 'AU', 11109),
('2019-02-25', 'AU', 11528),
('2019-02-25', 'AU', 10943),
('2019-02-25', 'BG', 10943),
('2019-02-25', 'CA', 10941),
('2019-02-25', 'CH', 10941),
('2019-02-25', 'DE', 10924),
('2019-02-25', 'DE', 11302),
('2019-02-25', 'ES', 11302),
('2019-02-25', 'GB', 11108),
('2019-02-25', 'GR', 7333),
('2019-02-25', 'IT', 7372),
('2019-02-25', 'MD', 8608),
('2019-02-25', 'MX', 4214),
('2019-02-25', 'TH', 15181),
('2019-02-25', 'US', 15158),
('2019-02-25', 'US', 11161),
('2019-02-25', 'US', 14427),
('2019-02-25', 'US', 4888),
('2019-02-25', 'US', 5061),
('2019-02-25', 'US', 9545),
('2019-02-25', 'US', 13301),
('2019-02-25', 'US', 11503),
('2019-02-25', 'US', 15451),
('2019-02-25', 'US', 7218),
('2019-02-25', 'US', 10942),
('2019-02-25', 'US', 11731),
('2019-02-26', 'BE', 15529),
('2019-02-26', 'ES', 11152),
('2019-02-26', 'FR', 11656),
('2019-02-26', 'FR', 11656),
('2019-02-26', 'IE', 11654),
('2019-02-26', 'IT', 11206),
('2019-02-26', 'IT', 8639),
('2019-02-26', 'PL', 15189),
('2019-02-26', 'RO', 15212),
('2019-02-26', 'RO', 8637),
('2019-02-26', 'RU', 11633),
('2019-02-26', 'SE', 11633),
('2019-02-26', 'US', 15188),
('2019-02-26', 'US', 15188),
('2019-02-26', 'US', 11217),
('2019-02-26', 'US', 14501),
('2019-02-26', 'US', 12740),
('2019-02-26', 'US', 5022),
('2019-02-26', 'US', 9438),
('2019-02-26', 'US', 11110),
('2019-02-26', 'US', 8581),
('2019-02-26', 'US', 8653),
('2019-02-26', 'UY', 7274),
('2019-02-27', 'CH', 7191),
('2019-02-27', 'CH', 10941),
('2019-02-27', 'CZ', 7199),
('2019-02-27', 'CZ', 10915),
('2019-02-27', 'DE', 11296),
('2019-02-27', 'DK', 11299),
('2019-02-27', 'IN', 11964),
('2019-02-27', 'IN', 11964),
('2019-02-27', 'KZ', 10968),
('2019-02-27', 'PL', 11213),
('2019-02-27', 'TH', 11438),
('2019-02-27', 'UA', 8529),
('2019-02-27', 'US', 15780),
('2019-02-27', 'US', 15201),
('2019-02-27', 'US', 11632),
('2019-02-27', 'US', 11632),
('2019-02-27', 'US', 11826),
('2019-02-27', 'US', 11171),
('2019-02-27', 'US', 11025),
('2019-02-27', 'US', 821),
('2019-02-27', 'US', 9642),
('2019-02-27', 'US', 5022),
('2019-02-27', 'US', 4970),
('2019-02-27', 'US', 5008),
('2019-02-28', 'AU', 4894),
('2019-02-28', 'AU', 4894),
('2019-02-28', 'BE', 8008),
('2019-02-28', 'BG', 9441),
('2019-02-28', 'CA', 9444),
('2019-02-28', 'DE', 10727),
('2019-02-28', 'DE', 8630),
('2019-02-28', 'DE', 4182),
('2019-02-28', 'IS', 8537),
('2019-02-28', 'KZ', 11325),
('2019-02-28', 'NL', 11528),
('2019-02-28', 'RU', 12019),
('2019-02-28', 'SE', 12019),
('2019-02-28', 'TH', 10943),
('2019-02-28', 'UA', 10941),
('2019-02-28', 'UA', 11332),
('2019-02-28', 'US', 11011),
('2019-02-28', 'US', 11935),
('2019-02-28', 'US', 11935),
('2019-02-28', 'US', 12036),
('2019-02-28', 'US', 12036),
('2019-02-28', 'US', 11604),
('2019-02-28', 'US', 11296),
('2019-02-28', 'US', 11656),
('2019-02-28', 'US', 11956),
('2019-02-28', 'US', 11956),
('2019-02-28', 'US', 15192);

-- --------------------------------------------------------

--
-- Table structure for table `kraje`
--

CREATE TABLE `kraje` (
  `kod_k` varchar(2) DEFAULT NULL,
  `nazwa_k` varchar(22) DEFAULT NULL,
  `ludnosc_k` int(10) DEFAULT NULL
) ENGINE=InnoDB DEFAULT CHARSET=utf8 COLLATE=utf8_general_ci;

--
-- Dumping data for table `kraje`
--

INSERT INTO `kraje` (`kod_k`, `nazwa_k`, `ludnosc_k`) VALUES
('AN', 'NETHERLANDS ANTILES', 227049),
('CR', 'COSTA RICA', 5003393),
('DZ', 'ALGERIA', 42545964),
('TW', 'TAIWAN', 23588932),
('TH', 'THAILAND', 69183173),
('FI', 'FINLAND', 5522015),
('IS', 'ICELAND', 355620),
('DE', 'GERMANY', 82887000),
('CZ', 'CZECH REPUBLIC', 10627794),
('AU', 'AUSTRALIA', 25226500),
('MK', 'MACEDONIA', 2075301),
('KE', 'KENYA', 50950879),
('PA', 'PANAMA', 4158783),
('HK', 'HONG KONG', 7448900),
('IL', 'ISRAEL', 8978300),
('CU', 'CUBA', 11221060),
('LA', 'LAOS', 6961210),
('KH', 'CAMBODIA', 16069921),
('BO', 'BOLIVIA', 11307314),
('BH', 'BAHRAIN', 1566993),
('CA', 'CANADA', 37341400),
('CL', 'CHILE', 18751405),
('MT', 'MALTA', 475701),
('BS', 'BAHAMAS', 381320),
('VN', 'VIETNAM', 95001537),
('NI', 'NICARAGUA', 6393824),
('HU', 'HUNGARY', 9771000),
('SG', 'SINGAPORE', 5638700),
('PH', 'PHILIPPINES', 107077000),
('LB', 'LEBANON', 6093509),
('YE', 'YEMEN', 28915284),
('MU', 'MAURITIUS', 1265577),
('IE', 'IRELAND', 4857000),
('SY', 'SYRIA', 18284407),
('ZA', 'SOUTH AFRICA', 57725600),
('RU', 'RUSSIAN FEDERATION', 146877088),
('IT', 'ITALY', 60395921),
('LT', 'LITHUANIA', 2793986),
('MA', 'MOROCCO', 34907600),
('AM', 'ARMENIA', 2969200),
('PL', 'POLAND', 38433600),
('RS', 'SERBIA', 7001444),
('RE', 'REUNION', 865826),
('NL', 'NETHERLANDS', 17292700),
('OM', 'OMAN', 4646655),
('GT', 'GUATEMALA', 17302084),
('MN', 'MONGOLIA', 3238784),
('EG', 'EGYPT', 98171400),
('PY', 'PARAGUAY', 7052983),
('BE', 'BELGIUM', 11449656),
('LU', 'LUXEMBOURG', 602005),
('UZ', 'UZBEKISTAN', 32653900),
('ES', 'SPAIN', 46733038),
('CO', 'COLOMBIA', 49464683),
('KZ', 'KAZAKHSTAN', 18376200),
('BY', 'BELARUS', 9477100),
('MV', 'MALDIVES', 378114),
('LV', 'LATVIA', 1921300),
('EE', 'ESTONIA', 1319133),
('PR', 'PUERTO RICO', 3195153),
('MX', 'MEXICO', 126577691),
('BD', 'BANGLADESH', 165902000),
('TN', 'TUNISIA', 11434994),
('JO', 'JORDAN', 10331600),
('KR', 'SOUTH KOREA', 51635256),
('ZW', 'ZIMBABWE', 14848905),
('AE', 'UNITED ARAB EMIRATES', 9541615),
('MY', 'MALAYSIA', 32616800),
('EC', 'ECUADOR', 17160000),
('SA', 'SAUDI ARABIA', 33413660),
('AT', 'AUSTRIA', 8857960),
('DK', 'DENMARK', 5806015),
('HR', 'CROATIA', 4105493),
('IN', 'INDIA', 1342350000),
('SI', 'SLOVENIA', 2070050),
('SK', 'SLOVAKIA', 5445087),
('JM', 'JAMAICA', 2728864),
('PE', 'PERU', 32162184),
('AR', 'ARGENTINA', 44494502),
('BG', 'BULGARIA', 7050034),
('US', 'UNITED STATES', 328547000),
('AL', 'ALBANIA', 2870324),
('BR', 'BRAZIL', 210133000),
('PK', 'PAKISTAN', 203390000),
('TR', 'TURKEY', 80810525),
('RO', 'ROMANIA', 19523621),
('NP', 'NEPAL', 29218867),
('MM', 'MYANMAR', 53862731),
('MD', 'MOLDOVA, REPUBLIC OF', 3547539),
('SV', 'EL SALVADOR', 6643359),
('FR', 'FRANCE', 67392000),
('IR', 'IRAN', 82133400),
('UA', 'UKRAINE', 42198483),
('SD', 'SUDAN', 41185350),
('BA', 'BOSNIA AND HERZEGOVINA', 3511372),
('DO', 'DOMINICAN REPUBLIC', 10266149),
('GB', 'UNITED KINGDOM', 66040229),
('CH', 'SWITZERLAND', 8526932),
('CN', 'CHINA', 1394260000),
('VE', 'VENEZUELA', 31828110),
('KG', 'KYRGYZSTAN', 6362400),
('QA', 'QATAR', 2757437),
('CY', 'CYPRUS', 864200),
('TT', 'TRINIDAD AND TOBAGO', 1359193),
('SE', 'SWEDEN', 10223505),
('NO', 'NORWAY', 5323933),
('NG', 'NIGERIA', 193392517),
('AZ', 'AZERBAIJAN', 9959245),
('UY', 'URUGUAY', 3505985),
('NZ', 'NEW ZEALAND', 4934650),
('ID', 'INDONESIA', 265015300),
('GR', 'GREECE', 10741165),
('IQ', 'IRAQ', 38124182),
('JP', 'JAPAN', 126420000),
('HN', 'HONDURAS', 9012229),
('PT', 'PORTUGAL', 10291027);

-- --------------------------------------------------------

--
-- Table structure for table `urzadzenia`
--

CREATE TABLE `urzadzenia` (
  `kod_u` int(5) DEFAULT NULL,
  `nazwa_u` varchar(61) DEFAULT NULL,
  `producent_u` varchar(18) DEFAULT NULL,
  `typ_u` varchar(6) DEFAULT NULL
) ENGINE=InnoDB DEFAULT CHARSET=utf8 COLLATE=utf8_general_ci;

--
-- Dumping data for table `urzadzenia`
--

INSERT INTO `urzadzenia` (`kod_u`, `nazwa_u`, `producent_u`, `typ_u`) VALUES
(804, 'ZenFone Max Pro M1 (ZB602KL) (WW) / Max Pro M1 (ZB601KL) (IN)', 'Asus', 'Phone'),
(1898, 'BQ-5201', 'BQru', 'Phone'),
(4941, 'Y7 Prime 2019', 'Huawei', 'Phone'),
(5131, 'Y7', 'Huawei', 'Phone'),
(4949, 'GX8', 'Huawei', 'Phone'),
(10736, 'realme 2 Pro', 'Realme', 'Phone'),
(8608, 'Moto E (4) Plus', 'Motorola', 'Phone'),
(11210, 'Galaxy J7', 'Samsung', 'Phone'),
(11508, 'Galaxy S9+', 'Samsung', 'Phone'),
(15696, 'BOLTON', 'ZTE', 'Phone'),
(11201, 'Galaxy J7+', 'Samsung', 'Phone'),
(11908, 'Galaxy J3 Prime', 'Samsung', 'Phone'),
(7447, 'V40 ThinQ', 'LGE', 'Phone'),
(7308, 'LG G Stylo', 'LGE', 'Phone'),
(8656, 'Moto G (1st Gen)', 'Motorola', 'Phone'),
(7103, 'P2', 'Lenovo', 'Phone'),
(7302, 'LG it', 'LGE', 'Phone'),
(5093, 'HUAWEI MediaPad T3 10', 'Huawei', 'Tablet'),
(15130, 'MIX 2S', 'Xiaomi', 'Phone'),
(11217, 'Galaxy XCover4', 'Samsung', 'Phone'),
(5051, 'M3', 'Huawei', 'Phone'),
(1016, 'ZenFone Lite L1 (ZA551KL) / ZenFone Live L1/L2 (ZA550KL)', 'Asus', 'Phone'),
(5118, 'MediaPad T3 7', 'Huawei', 'Phone'),
(10920, 'Galaxy Grand Prime', 'Samsung', 'Phone'),
(15115, 'MI6', 'Xiaomi', 'Phone'),
(1779, 'Aquaris X Pro', 'bq', 'Phone'),
(6475, 'DuraForce PRO', 'Kyocera', 'Phone'),
(963, 'ZenPad 3S 10 (Z500M)', 'Asus', 'Tablet'),
(4947, 'G7-L01', 'Huawei', 'Phone'),
(11332, 'Galaxy J2 Prime', 'Samsung', 'Phone'),
(11514, 'Galaxy J2', 'Samsung', 'Phone'),
(6860, 'TAB S8-50LC', 'Lenovo', 'Tablet'),
(10926, 'Galaxy Grand Prime', 'Samsung', 'Phone'),
(11826, 'Galaxy Note2', 'Samsung', 'Phone'),
(15189, 'Redmi Note 4', 'Xiaomi', 'Phone'),
(7304, 'L90', 'LGE', 'Phone'),
(68, 'Iconia One 8', 'Acer', 'Tablet'),
(7274, 'LG K9', 'LGE', 'Phone'),
(15158, 'Redmi 5 Plus', 'Xiaomi', 'Phone'),
(11661, 'Galaxy Tab A 8.0', 'Samsung', 'Tablet'),
(2607, 'CUBOT R11', 'Cubot', 'Phone'),
(11859, 'Galaxy J7(2016)', 'Samsung', 'Phone'),
(2509, 'C103', 'Coolpad', 'Phone'),
(11876, 'Galaxy S5 LTE-A', 'Samsung', 'Phone'),
(11214, 'Galaxy J7 Prime', 'Samsung', 'Phone'),
(11119, 'Galaxy Note4', 'Samsung', 'Phone'),
(11124, 'Galaxy Note4', 'Samsung', 'Phone'),
(6688, 'Z91', 'Lava', 'Phone'),
(12556, 'Xperia Z3+', 'Sony', 'Phone'),
(6667, 'Z60', 'Lava', 'Phone'),
(12729, 'Xperia XZ', 'Sony', 'Phone'),
(12017, 'Galaxy S8+', 'Samsung', 'Phone'),
(6792, 'TAB 2 A10', 'Lenovo', 'Tablet'),
(4997, 'Mate 10 Pro', 'Huawei', 'Phone'),
(11594, 'Galaxy Note5', 'Samsung', 'Phone'),
(12720, 'Xperia Z Ultra', 'Sony', 'Phone'),
(8620, 'Moto E (4)', 'Motorola', 'Phone'),
(13572, 'CAMON 11', 'Tecno', 'Phone'),
(11988, 'Galaxy Tab A 7.0', 'Samsung', 'Phone'),
(4992, 'Honor 9 Lite', 'Huawei', 'Phone'),
(15166, 'Redmi 4X', 'Xiaomi', 'Phone'),
(4729, '10X', 'HTC', 'Phone'),
(11648, 'Galaxy S7', 'Samsung', 'Phone'),
(14423, 'vivo 1726', 'Vivo', 'Phone'),
(9098, 'Neffos Y5s', 'Neffos', 'Phone'),
(11930, 'Galaxy J3 Aura', 'Samsung', 'Phone'),
(3617, 'FP2', 'Fairphone', 'Phone'),
(7044, 'K5', 'Lenovo', 'Phone'),
(7425, 'LG G Flex2', 'LGE', 'Phone'),
(11086, 'Galaxy J1 Ace', 'Samsung', 'Phone'),
(4686, 'One Google Play edition', 'HTC', 'Phone'),
(10945, 'Galaxy A9 Pro', 'Samsung', 'Phone'),
(5982, 'A62', 'Itel', 'Phone'),
(15521, 'V831W', 'ZTE', 'Phone'),
(9364, 'Shield', 'NVIDIA', 'Phone'),
(11281, 'Galaxy E7', 'Samsung', 'Phone'),
(8629, 'moto g(6) play', 'Motorola', 'Phone'),
(8001, 'M6T', 'Meizu', 'Phone'),
(15748, 'Blade X Max', 'ZTE', 'Phone'),
(15529, 'ZTE Tempo X', 'ZTE', 'Phone'),
(5022, 'P20 lite', 'Huawei', 'Phone'),
(11276, 'Galaxy J7 V', 'Samsung', 'Phone'),
(4964, 'GR3', 'Huawei', 'Phone'),
(10727, 'RCT6873W42M', 'RCA', 'Tablet'),
(7709, 'LS-4503', 'Lyf', 'Phone'),
(15167, 'Mi 5', 'Xiaomi', 'Phone'),
(11381, 'Galaxy J3 Pop', 'Samsung', 'Phone'),
(15208, 'Redmi 6Pro', 'Xiaomi', 'Phone'),
(5262, 'Ultra Storm', 'Hyundai', 'Phone'),
(11100, 'Galaxy Note 10.1 2014 Edition', 'Samsung', 'Tablet'),
(11166, 'Galaxy S6', 'Samsung', 'Phone'),
(12744, 'Xperia XZ1', 'Sony', 'Phone'),
(11929, 'Chromebook Plus (V2)', 'Samsung', 'PC'),
(11940, 'Galaxy S10+', 'Samsung', 'Phone'),
(11308, 'Galaxy S7 Edge', 'Samsung', 'Phone'),
(11194, 'Galaxy Tab3 VE 7.0', 'Samsung', 'Tablet'),
(4888, 'P20 Pro', 'Huawei', 'Phone'),
(15182, 'POCO F1', 'Xiaomi', 'Phone'),
(15140, 'Mi A2', 'Xiaomi', 'Phone'),
(12587, 'Xperia L1', 'Sony', 'Phone'),
(12717, 'Xperia XZ Premium', 'Sony', 'Phone'),
(8193, 'Bolt', 'Micromax', 'Phone'),
(11240, 'Galaxy Xcover3', 'Samsung', 'Phone'),
(11897, 'Galaxy Ace4', 'Samsung', 'Phone'),
(6582, 'Ilium X510', 'Lanix', 'Phone'),
(12410, 'PLATINUM_E5', 'Sky Devices', 'Phone'),
(6549, 'Ilium L1120', 'Lanix', 'Phone'),
(12749, 'Xperia XA2', 'Sony', 'Phone'),
(4739, 'HTC U11 life', 'HTC', 'Phone'),
(11383, 'Galaxy J3 Pop', 'Samsung', 'Phone'),
(11846, 'Galaxy J6', 'Samsung', 'Phone'),
(13965, 'Ulefone_S7', 'Ulefone', 'Phone'),
(15451, 'ZTE BLADE V Ultra Z982', 'ZTE', 'Phone'),
(11301, 'Galaxy S7 edge', 'Samsung', 'Phone'),
(13150, 'i20', 'Symphony', 'Phone'),
(12626, 'Xperia Z5', 'Sony', 'Phone'),
(4184, 'Pixel', 'Google', 'Phone'),
(7393, 'G2 MINI', 'LGE', 'Phone'),
(8529, 'moto e(5) cruise', 'Motorola', 'Phone'),
(11853, 'Galaxy Tab3V 7.0', 'Samsung', 'Tablet'),
(8558, 'Moto E (5)', 'Motorola', 'Phone'),
(8530, 'Nexus 6', 'Motorola', 'Phone'),
(6826, 'YOGA Tab 3 10', 'Lenovo', 'Tablet'),
(11030, 'Galaxy S6 Edge', 'Samsung', 'Phone'),
(10979, 'Galaxy J3', 'Samsung', 'Phone'),
(15536, 'ZTE A2017G', 'ZTE', 'Phone'),
(15193, 'Redmi 6A', 'Xiaomi', 'Phone'),
(12403, 'pro selfie', 'Sky Devices', 'Phone'),
(5134, 'Mate 20 lite', 'Huawei', 'Phone'),
(10994, 'Galaxy A3', 'Samsung', 'Phone'),
(15782, 'Z963VL', 'ZTE', 'Phone'),
(11384, 'Galaxy J3 Pop', 'Samsung', 'Phone'),
(7212, 'LG Stylo 2', 'LGE', 'Phone'),
(11970, 'Galaxy A5', 'Samsung', 'Phone'),
(12718, 'Xperia XZ Premium', 'Sony', 'Phone'),
(10942, 'Galaxy S8', 'Samsung', 'Phone'),
(7219, 'LG Stylo 4', 'LGE', 'Phone'),
(3942, '4G', 'General Mobile', 'Phone'),
(988, 'ZenFone 3 Max (ZC520TL)', 'Asus', 'Phone'),
(11784, 'Galaxy Alpha', 'Samsung', 'Phone'),
(15196, 'MI MAX', 'Xiaomi', 'Phone'),
(4931, 'P10 Plus', 'Huawei', 'Phone'),
(1633, 'R1 HD', 'Blu', 'Phone'),
(9439, '2B', 'OnePlus', 'Phone'),
(13209, 'REVVL 2', 'T-Mobile', 'Phone'),
(11436, 'Galaxy J7 Pop', 'Samsung', 'Phone'),
(10918, 'Galaxy Grand Prime', 'Samsung', 'Phone'),
(5125, 'HUAWEI Y9 2018', 'Huawei', 'Phone'),
(7233, 'LG Leon', 'LGE', 'Phone'),
(7453, 'LG G Pad IV 8.0 FHD LTE', 'LGE', 'Tablet'),
(11171, 'Galaxy S6', 'Samsung', 'Phone'),
(6447, 'DuraForce PRO 2 with Sapphire shield', 'Kyocera', 'Phone'),
(9508, 'CPH1723', 'Oppo', 'Phone'),
(11598, 'Galaxy Note5', 'Samsung', 'Phone'),
(11731, 'Galaxy Tab3 Lite 7.0', 'Samsung', 'Tablet'),
(12740, 'Xperia XZ1', 'Sony', 'Phone'),
(4826, 'One (M8)', 'HTC', 'Phone'),
(9809, 'A5000', 'Packard Bell', 'Phone'),
(5233, 'Ultra Active', 'Hyundai', 'Phone'),
(11458, 'Galaxy Tab4 7.0', 'Samsung', 'Tablet'),
(11911, 'Galaxy J3(2017)', 'Samsung', 'Phone'),
(12909, 'SSB504R', 'SSB PHONES', 'Phone'),
(4960, 'P10 lite', 'Huawei', 'Phone'),
(7496, 'LG X charge', 'LGE', 'Phone'),
(64, 'Iconia Tab 8', 'Acer', 'Tablet'),
(7372, 'LG K20 Plus', 'LGE', 'Phone'),
(15192, 'Redmi 3', 'Xiaomi', 'Phone'),
(12737, 'Xperia E4 Dual', 'Sony', 'Phone'),
(15212, 'MI 5s Plus', 'Xiaomi', 'Phone'),
(11891, 'Galaxy S8 Active', 'Samsung', 'Phone'),
(11110, 'Galaxy A5(2017)', 'Samsung', 'Phone'),
(11304, 'Galaxy S7 Edge', 'Samsung', 'Phone'),
(13425, 'ELEMENT5', 'TCT (Alcatel)', 'Phone'),
(11523, 'Galaxy Note9', 'Samsung', 'Phone'),
(902, 'ZenFone 4 Max (ZC554KL)', 'Asus', 'Phone'),
(11571, 'SM-J337AZ', 'Samsung', 'Phone'),
(10964, 'Galaxy Tab S2', 'Samsung', 'Tablet'),
(4890, 'Honor 10', 'Huawei', 'Phone'),
(11143, 'Galaxy Tab4 8.0', 'Samsung', 'Tablet'),
(13998, 'U452TL', 'Umax', 'Phone'),
(15122, 'MI 5X', 'Xiaomi', 'Phone'),
(4903, 'LISZT', 'Huawei', 'Tablet'),
(11443, 'Galaxy S5 mini', 'Samsung', 'Phone'),
(7234, 'Nexus 5', 'LGE', 'Phone'),
(8610, 'Motorola one', 'Motorola', 'Phone'),
(15410, 'Z812', 'ZTE', 'Phone'),
(15153, 'MI 8 Lite', 'Xiaomi', 'Phone'),
(9438, 'OnePlus5T', 'OnePlus', 'Phone'),
(8852, 'my28S', 'Myphone', 'Phone'),
(10943, 'Galaxy S8', 'Samsung', 'Phone'),
(13734, 'hudl 2', 'Tesco', 'Tablet'),
(8628, 'moto g(6) play', 'Motorola', 'Phone'),
(4780, 'Desire 830 dual sim', 'HTC', 'Phone'),
(11658, 'Galaxy Tab A 8.0', 'Samsung', 'Tablet'),
(13208, 'REVVL 2 PLUS', 'T-Mobile', 'Phone'),
(979, 'ZenFone 5 (ZE620KL)', 'Asus', 'Phone'),
(12564, 'Xperia Z5 Premium', 'Sony', 'Phone'),
(8254, 'Clover', 'Mint', 'Phone'),
(7086, 'Lenovo TAB3 7 Essential', 'Lenovo', 'Tablet'),
(11431, 'Galaxy J7 Neo', 'Samsung', 'Phone'),
(4979, 'HUAWEI P smart 2019', 'Huawei', 'Phone'),
(11964, 'Galaxy Note3 Neo', 'Samsung', 'Phone'),
(11382, 'Galaxy J3 Pop', 'Samsung', 'Phone'),
(8614, 'moto e5 play', 'Motorola', 'Phone'),
(7006, 'P70', 'Lenovo', 'Phone'),
(9565, 'realme C1', 'Oppo', 'Phone'),
(8665, 'Moto Z Play', 'Motorola', 'Phone'),
(11645, 'Galaxy S7', 'Samsung', 'Phone'),
(6791, 'TAB 2 A10', 'Lenovo', 'Tablet'),
(11401, 'Galaxy A6', 'Samsung', 'Phone'),
(15199, 'MIX 2', 'Xiaomi', 'Phone'),
(5083, 'HUAWEI MediaPad M5 Pro', 'Huawei', 'Tablet'),
(11573, 'Galaxy TabS 10.5', 'Samsung', 'Tablet'),
(11005, 'Galaxy Note8', 'Samsung', 'Phone'),
(11347, 'Galaxy J3(2016)', 'Samsung', 'Phone'),
(11184, 'Galaxy S3 Neo', 'Samsung', 'Phone'),
(7395, 'LG Stylo3', 'LGE', 'Phone'),
(11917, 'Galaxy S6 edge+', 'Samsung', 'Phone'),
(7335, 'LG Stylo 2 Plus', 'LGE', 'Phone'),
(8456, 'mobiistar C2', 'MobiiStar', 'Phone'),
(8537, 'Moto X Pure Edition', 'Motorola', 'Phone'),
(5099, 'G8', 'Huawei', 'Phone'),
(15615, 'BLADE V8 SE', 'ZTE', 'Phone'),
(13407, 'A466BG', 'TCT (Alcatel)', 'Phone'),
(7325, 'LG Tribute Dynasty', 'LGE', 'Phone'),
(11890, 'Galaxy S8 Active', 'Samsung', 'Phone'),
(7347, 'LG G4', 'LGE', 'Phone'),
(11183, 'Galaxy S10e', 'Samsung', 'Phone'),
(15198, 'Mi 5s', 'Xiaomi', 'Phone'),
(11669, 'Galaxy J5 Pro', 'Samsung', 'Phone'),
(5078, 'Mate 20 Pro', 'Huawei', 'Phone'),
(12029, 'Galaxy Tab E 8.0', 'Samsung', 'Tablet'),
(2821, 'ES355', 'DEXP', 'Phone'),
(11605, 'Galaxy Tab S4', 'Samsung', 'Tablet'),
(8574, 'Moto G Plus (5th Gen)', 'Motorola', 'Phone'),
(14985, 'Tommy2 Plus', 'Wiko', 'Phone'),
(9237, 'Nokia 7.1', 'Nokia', 'Phone'),
(9434, 'OnePlus3', 'OnePlus', 'Phone'),
(11261, 'Galaxy S5 Neo', 'Samsung', 'Phone'),
(8621, 'Moto E (4)', 'Motorola', 'Phone'),
(1487, 'Vivo XL4', 'Blu', 'Phone'),
(11325, 'Galaxy Core Prime', 'Samsung', 'Phone'),
(11092, 'Galaxy J1', 'Samsung', 'Phone'),
(11239, 'Galaxy J1 Mini Prime', 'Samsung', 'Phone'),
(11206, 'Galaxy J7', 'Samsung', 'Phone'),
(8585, 'Moto G (5S) Plus', 'Motorola', 'Phone'),
(11316, 'Galaxy Core Prime', 'Samsung', 'Phone'),
(7377, 'LG G7 ThinQ', 'LGE', 'Phone'),
(8653, 'moto g(6)', 'Motorola', 'Phone'),
(4950, 'H60-L04', 'Huawei', 'Phone'),
(10922, 'Galaxy Grand Prime', 'Samsung', 'Phone'),
(10941, 'Galaxy S8', 'Samsung', 'Phone'),
(5116, 'Y625-U32', 'Huawei', 'Phone'),
(13450, 'Alcatel 1', 'TCT (Alcatel)', 'Phone'),
(1352, 'BV6000s', 'Blackview', 'Phone'),
(5040, 'Honor 5C', 'Huawei', 'Phone'),
(9249, 'Nokia 3.1', 'Nokia', 'Phone'),
(5008, 'FIG-LX1', 'Huawei', 'Phone'),
(7322, 'LG K10', 'LGE', 'Phone'),
(13366, '9027W', 'TCT (Alcatel)', 'Phone'),
(6811, 'TAB 2 A7-10F', 'Lenovo', 'Tablet'),
(6840, 'VIBE K6', 'Lenovo', 'Phone'),
(10958, 'Galaxy S6 Active', 'Samsung', 'Phone'),
(11633, 'Galaxy S9', 'Samsung', 'Phone'),
(8644, 'moto e5 plus', 'Motorola', 'Phone'),
(12018, 'Galaxy S8+', 'Samsung', 'Phone'),
(15123, 'Redmi Note 5A', 'Xiaomi', 'Phone'),
(15127, 'MI PAD', 'Xiaomi', 'Tablet'),
(5136, 'HUAWEI Y7 Prime 2018', 'Huawei', 'Phone'),
(8428, 'BERRY PLUS', 'Mobicell', 'Phone'),
(5043, 'Nexus 6P', 'Huawei', 'Phone'),
(5058, 'Honor 7A', 'Huawei', 'Phone'),
(11094, 'Galaxy J1', 'Samsung', 'Phone'),
(4835, 'U12 Life', 'HTC', 'Phone'),
(7262, 'LG Aristo 3+', 'LGE', 'Phone'),
(12796, 'Xperia XZ1 Compact', 'Sony', 'Phone'),
(9649, 'R9s', 'Oppo', 'Phone'),
(5038, 'Honor View 10', 'Huawei', 'Phone'),
(4208, 'Pixel XL', 'Google', 'Phone'),
(5104, 'honor 10 Lite', 'Huawei', 'Phone'),
(9481, 'CPH1725', 'Oppo', 'Phone'),
(15164, 'Redmi 4A', 'Xiaomi', 'Phone'),
(10939, 'Galaxy S8', 'Samsung', 'Phone'),
(9239, 'Nokia 2', 'Nokia', 'Phone'),
(2256, 'CHUWI', 'Chuwi', 'Tablet'),
(7296, 'Nexus 5X', 'LGE', 'Phone'),
(10930, 'Galaxy Grand Prime', 'Samsung', 'Phone'),
(4917, 'Y360-U82', 'Huawei', 'Phone'),
(11531, 'Galaxy J3 V', 'Samsung', 'Phone'),
(8523, 'Moto C', 'Motorola', 'Phone'),
(8612, 'Droid Turbo', 'Motorola', 'Phone'),
(6853, 'TAB 2 A7-20F', 'Lenovo', 'Tablet'),
(11456, 'Galaxy J7 Refine', 'Samsung', 'Phone'),
(7750, 'iQM960', 'Making Life Simple', 'Tablet'),
(11152, 'Galaxy Tab E 9.6', 'Samsung', 'Tablet'),
(4785, 'Desire 626', 'HTC', 'Phone'),
(7280, 'Phoenix 3', 'LGE', 'Phone'),
(11528, 'Galaxy Note9', 'Samsung', 'Phone'),
(11433, 'Galaxy Tab A6', 'Samsung', 'Tablet'),
(9553, 'F1f', 'Oppo', 'Phone'),
(5546, 'HOT5', 'Infinix', 'Phone'),
(9963, 'IM-100K', 'Pantech', 'Phone'),
(11211, 'Galaxy J7 Prime', 'Samsung', 'Phone'),
(7348, 'LG Volt II', 'LGE', 'Phone'),
(11675, 'Galaxy S5', 'Samsung', 'Phone'),
(10924, 'Galaxy Grand Prime', 'Samsung', 'Phone'),
(8139, 'Micromax C2A', 'Micromax', 'Phone'),
(14434, '1601E', 'Vivo', 'Phone'),
(14558, 'vivo 1803', 'Vivo', 'Phone'),
(7413, 'LG K10 LTE', 'LGE', 'Phone'),
(13651, 'W3 Pro', 'Tecno', 'Phone'),
(13468, 'ALCATEL ONE TOUCH 6032', 'TCT (Alcatel)', 'Phone'),
(13364, '5059Z', 'TCT (Alcatel)', 'Phone'),
(9545, 'realme 2', 'Oppo', 'Phone'),
(10987, 'Galaxy Ace Style', 'Samsung', 'Phone'),
(4970, 'P9', 'Huawei', 'Phone'),
(8575, 'Moto G Plus (5th Gen)', 'Motorola', 'Phone'),
(12526, 'Xperia XA1 Ultra', 'Sony', 'Phone'),
(4214, 'Pixel 2 XL', 'Google', 'Phone'),
(11672, 'Galaxy S5', 'Samsung', 'Phone'),
(7211, 'LG G Pad F2 8.0', 'LGE', 'Tablet'),
(11544, 'Galaxy Note3', 'Samsung', 'Phone'),
(11120, 'Galaxy Note4', 'Samsung', 'Phone'),
(14428, 'vivo 1714', 'Vivo', 'Phone'),
(12082, 'Galaxy A7', 'Samsung', 'Phone'),
(837, 'ZenFone 3 (ZE520KL)', 'Asus', 'Phone'),
(4802, 'Nexus 9', 'HTC', 'Tablet'),
(11042, 'Galaxy Note Edge', 'Samsung', 'Phone'),
(10953, 'Galaxy Tab S3', 'Samsung', 'Tablet'),
(10709, '7 Voyager III', 'RCA', 'Tablet'),
(1447, 'Studio J1', 'Blu', 'Phone'),
(11011, 'Galaxy Note8', 'Samsung', 'Phone'),
(4962, 'P8 Lite', 'Huawei', 'Phone'),
(7218, 'LG Stylo 4', 'LGE', 'Phone'),
(811, 'ZenFone 4 Max (ZC520KL)', 'Asus', 'Phone'),
(15188, 'Redmi Note 5 Pro', 'Xiaomi', 'Phone'),
(12021, 'Galaxy J3 Star', 'Samsung', 'Phone'),
(11412, 'Galaxy J3 Eclipse', 'Samsung', 'Phone'),
(11182, 'Galaxy S10e', 'Samsung', 'Phone'),
(11010, 'Galaxy Note8', 'Samsung', 'Phone'),
(11588, 'Galaxy Note5', 'Samsung', 'Phone'),
(15136, 'Redmi 5', 'Xiaomi', 'Phone'),
(11773, 'Galaxy On5', 'Samsung', 'Phone'),
(12055, 'Galaxy J3 Orbit', 'Samsung', 'Phone'),
(11617, 'Galaxy TabS 8.4', 'Samsung', 'Tablet'),
(7354, 'LG Spirit LTE', 'LGE', 'Phone'),
(11461, 'Galaxy Tab4 7.0', 'Samsung', 'Tablet'),
(11918, 'Galaxy S6 Edge+', 'Samsung', 'Phone'),
(15190, 'Redmi Note 4', 'Xiaomi', 'Phone'),
(11278, 'Galaxy E7', 'Samsung', 'Phone'),
(4199, 'Pixelbook', 'Google', 'PC'),
(13255, 'A30', 'TCT (Alcatel)', 'Phone'),
(6715, 'iris50', 'Lava', 'Phone'),
(14464, 'vivo 1812', 'Vivo', 'Phone'),
(11173, 'Galaxy S6', 'Samsung', 'Phone'),
(891, 'ZenPad C 7.0 (Z170CG)', 'Asus', 'Tablet'),
(8008, 'M8c', 'Meizu', 'Phone'),
(14901, 'Sunny2 Plus', 'Wiko', 'Phone'),
(15553, 'ZTE AVID 4', 'ZTE', 'Phone'),
(12787, 'Xperia Z4 Tablet', 'Sony', 'Tablet'),
(2620, 'CUBOT CHEETAH 2', 'Cubot', 'Phone'),
(4883, 'P20', 'Huawei', 'Phone'),
(10919, 'Galaxy Grand Prime', 'Samsung', 'Phone'),
(8662, 'Moto X (2nd Gen)', 'Motorola', 'Phone'),
(11518, 'Galaxy J2', 'Samsung', 'Phone'),
(8564, 'Moto G (5) Plus', 'Motorola', 'Phone'),
(11438, 'Galaxy J7 Pop', 'Samsung', 'Phone'),
(14990, 'Spark', 'Wileyfox', 'Phone'),
(11157, 'Galaxy S10', 'Samsung', 'Phone'),
(7265, 'LG X Venture', 'LGE', 'Phone'),
(14976, 'TOMMY2', 'Wiko', 'Phone'),
(8835, 'Hammer Energy', 'Myphone', 'Phone'),
(11770, 'Galaxy On5', 'Samsung', 'Phone'),
(14631, 'Smart V8', 'Vodafone', 'Phone'),
(9259, 'Nokia 2.1', 'Nokia', 'Phone'),
(7495, 'LG X power2', 'LGE', 'Phone'),
(12023, 'Galaxy A3(2016)', 'Samsung', 'Phone'),
(2417, 'TFX714L', 'Condor', 'Tablet'),
(11469, 'Galaxy Tab Pro 10.1', 'Samsung', 'Tablet'),
(9258, 'Nokia 6.1 Plus', 'Nokia', 'Phone'),
(8377, 'RUSH', 'Mobicell', 'Phone'),
(9606, 'CPH1801', 'Oppo', 'Phone'),
(34, 'Accent Camelon C6', 'Accent', 'Phone'),
(5020, 'Y3III', 'Huawei', 'Phone'),
(1014, 'ZenFone Lite L1 (ZA551KL) / ZenFone Live L1/L2 (ZA550KL)', 'Asus', 'Phone'),
(11349, 'Galaxy J3(2016)', 'Samsung', 'Phone'),
(7293, 'LG Q6', 'LGE', 'Phone'),
(12031, 'Galaxy Tab E 8.0', 'Samsung', 'Tablet'),
(14891, 'RAINBOW JAM', 'Wiko', 'Phone'),
(12303, 'SHIFT6m', 'SHIFT', 'Phone'),
(11468, 'Galaxy Tab4 7.0', 'Samsung', 'Tablet'),
(11548, 'Galaxy Note3', 'Samsung', 'Phone'),
(11939, 'Galaxy S7 Active', 'Samsung', 'Phone'),
(1782, 'Aquaris X2 PRO', 'bq', 'Phone'),
(4195, 'Intel Apollo Lake Chromebook', 'Google', 'PC'),
(7253, 'LG G5 SE', 'LGE', 'Phone'),
(15574, 'N817', 'ZTE', 'Phone'),
(15742, 'BLADE V0720', 'ZTE', 'Phone'),
(11270, 'Galaxy J5(2016)', 'Samsung', 'Phone'),
(13413, 'Alcatel Raven LTE', 'TCT (Alcatel)', 'Phone'),
(8601, 'Moto X (4)', 'Motorola', 'Phone'),
(12753, 'Xperia XA2', 'Sony', 'Phone'),
(4894, 'P10', 'Huawei', 'Phone'),
(6824, 'YOGA BOOK', 'Lenovo', 'Tablet'),
(11903, 'Galaxy Note Pro 12.2', 'Samsung', 'Tablet'),
(11525, 'Galaxy Note9', 'Samsung', 'Phone'),
(7023, 'Lenovo YOGA Tab 3 Plus', 'Lenovo', 'Tablet'),
(11667, 'Galaxy Tab A 8.0', 'Samsung', 'Tablet'),
(13416, 'Nitro', 'TCT (Alcatel)', 'Phone'),
(11118, 'Galaxy Note4', 'Samsung', 'Phone'),
(894, 'ZenFone Max Plus M1 (ZB570TL)', 'Asus', 'Phone'),
(5892, 'VOX  Energy', 'Iris', 'Phone'),
(11987, 'Galaxy Tab A 7.0', 'Samsung', 'Tablet'),
(11956, 'Galaxy Star2 Plus', 'Samsung', 'Phone'),
(7433, 'LG X cam', 'LGE', 'Phone'),
(6342, 'Ektra', 'Kodak', 'Phone'),
(11002, 'Galaxy C9 Pro', 'Samsung', 'Phone'),
(15206, 'MI 9', 'Xiaomi', 'Phone'),
(10706, 'RCT6773W22', 'RCA', 'Tablet'),
(11656, 'Galaxy S7', 'Samsung', 'Phone'),
(8553, 'Moto X (1st Gen)', 'Motorola', 'Phone'),
(15209, 'Redmi 6 Pro', 'Xiaomi', 'Phone'),
(5069, 'Honor 7X', 'Huawei', 'Phone'),
(5071, 'HUAWEI Y6 2018', 'Huawei', 'Phone'),
(7099, 'Z90/VIBE Shot', 'Lenovo', 'Phone'),
(11161, 'Galaxy S6', 'Samsung', 'Phone'),
(11803, 'Galaxy On7 Prime', 'Samsung', 'Phone'),
(13301, 'tbd', 'TCT (Alcatel)', 'Phone'),
(12658, 'Xperia XA Ultra', 'Sony', 'Phone'),
(11350, 'Galaxy J3(2016)', 'Samsung', 'Phone'),
(3209, 'X10', 'Dragontouch', 'Tablet'),
(15154, 'MI 8', 'Xiaomi', 'Phone'),
(903, 'ZenFone 4 Max (ZC554KL)', 'Asus', 'Phone'),
(9496, 'CPH1853', 'Oppo', 'Phone'),
(15201, 'Redmi 5A', 'Xiaomi', 'Phone'),
(11200, 'Chromebook 3', 'Samsung', 'PC'),
(9446, 'X', 'OnePlus', 'Phone'),
(687, 'Archos Access 55 3G', 'Archos', 'Phone'),
(7292, 'LG Q6', 'LGE', 'Phone'),
(7246, 'LG G Pad 8.3 LTE', 'LGE', 'Tablet'),
(9451, 'OnePlus 6', 'OnePlus', 'Phone'),
(6683, 'Z50', 'Lava', 'Phone'),
(11213, 'Galaxy J7 Prime', 'Samsung', 'Phone'),
(9444, 'OnePlus6T', 'OnePlus', 'Phone'),
(12019, 'Galaxy S8+', 'Samsung', 'Phone'),
(8626, 'Moto G(4) Plus', 'Motorola', 'Phone'),
(12034, 'Galaxy Tab E 8.0', 'Samsung', 'Tablet'),
(11974, 'Galaxy A5', 'Samsung', 'Phone'),
(11686, 'Galaxy S5', 'Samsung', 'Phone'),
(4862, 'Desire 650', 'HTC', 'Phone'),
(9432, 'One', 'OnePlus', 'Phone'),
(12589, 'Xperia L1', 'Sony', 'Phone'),
(11526, 'Galaxy Note9', 'Samsung', 'Phone'),
(7016, 'YOGA Tab 3 8', 'Lenovo', 'Tablet'),
(4185, 'Mediatek MTK8173 Chromebook', 'Google', 'PC'),
(8586, 'Moto G (5S) Plus', 'Motorola', 'Phone'),
(12036, 'Galaxy Tab E 8.0', 'Samsung', 'Tablet'),
(12131, 'P5504', 'sencor', 'Phone'),
(6489, 'DuraForce PRO with Sapphire Shield', 'Kyocera', 'Phone'),
(8525, 'moto g(7) power', 'Motorola', 'Phone'),
(7394, 'LG Stylo3', 'LGE', 'Phone'),
(9955, 'IM-A850L', 'Pantech', 'Phone'),
(11981, 'Galaxy C5', 'Samsung', 'Phone'),
(10030, 'S326', 'Philips', 'Phone'),
(11208, 'Galaxy J7', 'Samsung', 'Phone'),
(11870, 'Galaxy J7 Star', 'Samsung', 'Phone'),
(978, 'ZenPad 10 (Z301M)', 'Asus', 'Tablet'),
(7431, 'G Pad 10.1', 'LGE', 'Tablet'),
(12800, 'Xperia Z5 Compact', 'Sony', 'Phone'),
(937, 'ZenFone 5 Lite (ZC600KL)', 'Asus', 'Phone'),
(14012, 'One Max E', 'Umidigi', 'Phone'),
(15211, 'Mi Note2', 'Xiaomi', 'Phone'),
(12080, 'Galaxy A7', 'Samsung', 'Phone'),
(8534, 'DROID MAXX 2', 'Motorola', 'Phone'),
(11503, 'Galaxy A7(2017)', 'Samsung', 'Phone'),
(13390, '8063A', 'TCT (Alcatel)', 'Tablet'),
(7102, 'P2', 'Lenovo', 'Phone'),
(1763, 'K107', 'BMXC', 'Tablet'),
(12003, 'Galaxy J3 Achieve', 'Samsung', 'Phone'),
(4972, 'Y6', 'Huawei', 'Phone'),
(11205, 'Galaxy J7', 'Samsung', 'Phone'),
(8951, 'myPhone_Prime_2', 'MyPhone (PL)', 'Phone'),
(12632, 'Xperia XZ2', 'Sony', 'Phone'),
(4842, 'U11', 'HTC', 'Phone'),
(14017, 'Z2 Pro', 'Umidigi', 'Phone'),
(11178, 'Galaxy S6', 'Samsung', 'Phone'),
(14460, 'Y53', 'Vivo', 'Phone'),
(7264, 'V10', 'LGE', 'Phone'),
(11260, 'Galaxy S5 Neo', 'Samsung', 'Phone'),
(7435, 'LG Magna', 'LGE', 'Phone'),
(15124, 'Redmi Note 5A', 'Xiaomi', 'Phone'),
(8104, 'Bharat Go', 'Micromax', 'Phone'),
(5032, 'Y6 Pro', 'Huawei', 'Phone'),
(11153, 'Galaxy Tab E 9.6', 'Samsung', 'Tablet'),
(8649, 'Moto G(4)', 'Motorola', 'Phone'),
(11743, 'Galaxy S3', 'Samsung', 'Phone'),
(13971, 'Armor 2', 'Ulefone', 'Phone'),
(1399, 'BV7000 Pro', 'Blackview', 'Phone'),
(8019, 'M6 Note', 'Meizu', 'Phone'),
(8627, 'Moto Z (2) Force', 'Motorola', 'Phone'),
(7451, 'Premier', 'LGE', 'Phone'),
(11343, 'Galaxy J3(2016)', 'Samsung', 'Phone'),
(7271, 'LG X500', 'LGE', 'Phone'),
(129, 'Chromebook 15 (CB3-532)', 'Acer', 'PC'),
(11593, 'Galaxy Note5', 'Samsung', 'Phone'),
(7240, 'LG Leon 4G LTE', 'LGE', 'Phone'),
(11032, 'Galaxy J1 (2016)', 'Samsung', 'Phone'),
(984, 'ZenPad S 8.0 (Z580CA)', 'Asus', 'Tablet'),
(14567, 'Y55s', 'Vivo', 'Phone'),
(11655, 'Galaxy S7', 'Samsung', 'Phone'),
(11654, 'Galaxy S7', 'Samsung', 'Phone'),
(11310, 'Galaxy J7 Crown', 'Samsung', 'Phone'),
(6976, 'Lenovo TAB4 8', 'Lenovo', 'Tablet'),
(4764, 'Desire 828 dual sim', 'HTC', 'Phone'),
(2069, 'Cat S41', 'Cat', 'Phone'),
(11780, 'Galaxy Tab4 10.0', 'Samsung', 'Tablet'),
(5097, 'Honor 5X', 'Huawei', 'Phone'),
(11961, 'Galaxy J7 Sky Pro', 'Samsung', 'Phone'),
(9529, 'A37f', 'Oppo', 'Phone'),
(13178, 'V85', 'Symphony', 'Phone'),
(4975, 'GR5', 'Huawei', 'Phone'),
(7389, 'LG V35 ThinQ', 'LGE', 'Phone'),
(8639, 'DROID Turbo 2', 'Motorola', 'Phone'),
(10659, 'Phone 2', 'Razer', 'Phone'),
(883, 'ASUS Chromebook Flip C302', 'Asus', 'PC'),
(11263, 'Galaxy J6+', 'Samsung', 'Phone'),
(11792, 'Galaxy J8', 'Samsung', 'Phone'),
(3638, 'Fero Vibe', 'Fero', 'Phone'),
(11510, 'Galaxy S9+', 'Samsung', 'Phone'),
(8615, 'moto e5 play', 'Motorola', 'Phone'),
(9443, 'OnePlus6T', 'OnePlus', 'Phone'),
(12010, 'Galaxy A7 (2018)', 'Samsung', 'Phone'),
(4186, 'Pixel 3 XL', 'Google', 'Phone'),
(9240, 'Nokia 7 plus', 'Nokia', 'Phone'),
(7498, 'LG G5', 'LGE', 'Phone'),
(12054, 'Galaxy J3 Orbit', 'Samsung', 'Phone'),
(2564, '1803Q', 'Coolpad', 'Phone'),
(11198, 'Galaxy J1 Mini', 'Samsung', 'Phone'),
(7436, 'LG Magna', 'LGE', 'Phone'),
(7324, 'Optimus Fuel', 'LGE', 'Phone'),
(8630, 'moto g(6) play', 'Motorola', 'Phone'),
(11496, 'Galaxy Tab A', 'Samsung', 'Tablet'),
(7711, 'LS-4505', 'Lyf', 'Phone'),
(8547, 'Moto E (1st Gen)', 'Motorola', 'Phone'),
(11137, 'SM-J337A', 'Samsung', 'Phone'),
(12776, 'Xperia 1', 'Sony', 'Phone'),
(11380, 'Galaxy J7 Max', 'Samsung', 'Phone'),
(9252, 'Nokia 1', 'Nokia', 'Phone'),
(11052, 'Galaxy S4', 'Samsung', 'Phone'),
(4989, 'HUAWEI Y5 Prime 2018', 'Huawei', 'Phone'),
(7445, 'G Vista', 'LGE', 'Phone'),
(10992, 'Galaxy A3', 'Samsung', 'Phone'),
(11288, 'Galaxy Tab E', 'Samsung', 'Tablet'),
(12786, 'Xperia Z4 Tablet', 'Sony', 'Tablet'),
(7075, 'Lenovo TAB4 10', 'Lenovo', 'Tablet'),
(8655, 'Moto G (1st Gen)', 'Motorola', 'Phone'),
(5088, 'Y5 2017', 'Huawei', 'Phone'),
(6821, 'VIBE X3 Lite', 'Lenovo', 'Phone'),
(14916, 'W_K120', 'Wiko', 'Phone'),
(1819, 'BQ-5057 Strike 2', 'BQru', 'Phone'),
(7416, 'LG Stylo 3 Plus', 'LGE', 'Phone'),
(13949, 'Armor_3', 'Ulefone', 'Phone'),
(9612, 'CPH1701', 'Oppo', 'Phone'),
(4847, 'U Play', 'HTC', 'Phone'),
(9682, 'F7', 'Oppo', 'Phone'),
(11712, 'Galaxy S4 Mini', 'Samsung', 'Phone'),
(11290, 'Galaxy Note Fan Edition', 'Samsung', 'Phone'),
(11515, 'Galaxy J2', 'Samsung', 'Phone'),
(12646, 'Xperia M4 Aqua', 'Sony', 'Phone'),
(56, 'Iconia Tab 10', 'Acer', 'Tablet'),
(11299, 'Galaxy S7 Edge', 'Samsung', 'Phone'),
(14884, 'Harry2', 'Wiko', 'Phone'),
(11674, 'Galaxy S5', 'Samsung', 'Phone'),
(11108, 'Galaxy A8(2018)', 'Samsung', 'Phone'),
(11627, 'Galaxy S9', 'Samsung', 'Phone'),
(11025, 'Galaxy S6 edge', 'Samsung', 'Phone'),
(5068, 'HUAWEI MediaPad M5 10.8', 'Huawei', 'Tablet'),
(10959, 'Galaxy J2 Core', 'Samsung', 'Phone'),
(1805, 'Aquaris M10', 'bq', 'Tablet'),
(10949, 'Galaxy Tab S3', 'Samsung', 'Tablet'),
(4196, 'Intel Apollo Lake Chromebook', 'Google', 'PC'),
(8619, 'Moto E4', 'Motorola', 'Phone'),
(11505, 'Galaxy S9+', 'Samsung', 'Phone'),
(7615, 'L-EMENT 403', 'Logicom', 'Phone'),
(11529, 'Galaxy Note9', 'Samsung', 'Phone'),
(11464, 'Galaxy Tab4 7.0', 'Samsung', 'Tablet'),
(12555, 'Xperia Z3 Compact', 'Sony', 'Phone'),
(7399, 'LG X Style', 'LGE', 'Phone'),
(11685, 'Galaxy S5', 'Samsung', 'Phone'),
(8592, 'Moto Z Droid', 'Motorola', 'Phone'),
(5507, 'HOT 4 Pro', 'Infinix', 'Phone'),
(8646, 'Moto Z(3)', 'Motorola', 'Phone'),
(6877, 'Lenovo TAB4 10 Plus', 'Lenovo', 'Tablet'),
(15699, 'ZTE BLADE V0850', 'ZTE', 'Phone'),
(15477, 'NX549J', 'ZTE', 'Phone'),
(14416, 'vivo 1806', 'Vivo', 'Phone'),
(13303, 'TCL LX', 'TCT (Alcatel)', 'Phone'),
(12766, 'Xperia XZ3', 'Sony', 'Phone'),
(11006, 'Galaxy Note8', 'Samsung', 'Phone'),
(13438, '5054S', 'TCT (Alcatel)', 'Phone'),
(10966, 'Galaxy J5', 'Samsung', 'Phone'),
(14483, 'Y71', 'Vivo', 'Phone'),
(11642, 'Galaxy S7', 'Samsung', 'Phone'),
(9153, 'NX16A10132S', 'Nextbook', 'Tablet'),
(10975, 'Galaxy J5', 'Samsung', 'Phone'),
(801, 'ZenFone 4 Selfie (ZD553KL)', 'Asus', 'Phone'),
(6030, 'P32', 'Itel', 'Phone'),
(15604, 'Warp 7', 'ZTE', 'Phone'),
(11101, 'Galaxy Note 10.1 2014 Edition', 'Samsung', 'Tablet'),
(11296, 'Galaxy S7 edge', 'Samsung', 'Phone'),
(10366, 'MULTIPAD WIZE 3108 3G', 'Prestigio', 'Tablet'),
(15513, 'B2017G', 'ZTE', 'Phone'),
(15681, 'Z839', 'ZTE', 'Phone'),
(4895, 'Honor 8 Pro', 'Huawei', 'Phone'),
(7272, 'Qua tab PX', 'LGE', 'Tablet'),
(5087, 'Y5 2017', 'Huawei', 'Phone'),
(145, 'ALIGATOR S4080 Duo', 'Adart', 'Phone'),
(7134, 'PB1-750M/Lenovo PHAB', 'Lenovo', 'Phone'),
(14523, 'vivo 1807', 'Vivo', 'Phone'),
(13977, 'Armor6', 'Ulefone', 'Phone'),
(9224, 'Nokia 6.1', 'Nokia', 'Phone'),
(11209, 'Galaxy J7', 'Samsung', 'Phone'),
(13458, 'U5', 'TCT (Alcatel)', 'Phone'),
(5112, 'Honor Play', 'Huawei', 'Phone'),
(10724, 'RCT6773W42B', 'RCA', 'Tablet'),
(7015, 'YOGA Tab 3 8', 'Lenovo', 'Tablet'),
(15169, 'MI MAX 2', 'Xiaomi', 'Phone'),
(12618, 'Xperia X', 'Sony', 'Phone'),
(2619, 'NOTE S', 'Cubot', 'Phone'),
(881, 'ZenFone AR (ZS571KL)', 'Asus', 'Phone'),
(10673, '10 Viking II', 'RCA', 'Tablet'),
(11635, 'Galaxy J4', 'Samsung', 'Phone'),
(6893, 'A536', 'Lenovo', 'Phone'),
(821, 'ZenFone 3 Max (ZC553KL)', 'Asus', 'Phone'),
(5059, 'Honor 7A', 'Huawei', 'Phone'),
(7492, 'V30', 'LGE', 'Phone'),
(12081, 'Galaxy A7', 'Samsung', 'Phone'),
(8581, 'Moto Z (2) Play', 'Motorola', 'Phone'),
(10925, 'Galaxy Grand Prime', 'Samsung', 'Phone'),
(11942, 'Galaxy S10+', 'Samsung', 'Phone'),
(4187, 'Pixel C', 'Google', 'Tablet'),
(7333, 'LG K8 (2017) Dual', 'LGE', 'Phone'),
(4192, 'Pixel Slate', 'Google', 'PC'),
(11935, 'Galaxy Tab A (2016)', 'Samsung', 'Tablet'),
(11435, 'Galaxy A6+', 'Samsung', 'Phone'),
(9785, 'K5', 'Oukitel', 'Phone'),
(11193, 'Galaxy A8+(2018)', 'Samsung', 'Phone'),
(5011, 'Honor 9', 'Huawei', 'Phone'),
(11085, 'Galaxy J1 Ace', 'Samsung', 'Phone'),
(5506, 'Hot 4 Pro', 'Infinix', 'Phone'),
(4446, 'F23', 'Hisense', 'Phone'),
(9441, 'OnePlus3T', 'OnePlus', 'Phone'),
(15457, 'BLADE A6 MAX', 'ZTE', 'Phone'),
(8595, 'Moto G4 Play', 'Motorola', 'Phone'),
(9517, 'CPH1851', 'Oppo', 'Phone'),
(13389, '5049W', 'TCT (Alcatel)', 'Phone'),
(15566, 'GrayJoy', 'ZTE', 'Phone'),
(12546, 'Xperia X Performance', 'Sony', 'Phone'),
(2043, 'VIA_A1_1', 'Casper', 'Phone'),
(13995, 'UMAX', 'Umax', 'Phone'),
(4022, 'Gigaset GS270', 'Gigaset', 'Phone'),
(9265, 'Nokia 3', 'Nokia', 'Phone'),
(5096, 'nova 3', 'Huawei', 'Phone'),
(15152, 'MIX 3', 'Xiaomi', 'Phone'),
(5985, 'A32F', 'Itel', 'Phone'),
(7343, 'LG Q7+', 'LGE', 'Phone'),
(11543, 'Galaxy Note3', 'Samsung', 'Phone'),
(4182, 'Pixel 3', 'Google', 'Phone'),
(12748, 'Xperia Z2', 'Sony', 'Phone'),
(2489, '3632A-mpcs', 'Coolpad', 'Phone'),
(5938, 'it1513', 'Itel', 'Phone'),
(11407, 'Galaxy A6', 'Samsung', 'Phone'),
(12768, 'Xperia XZ3', 'Sony', 'Phone'),
(5241, 'Ultra Live II', 'Hyundai', 'Phone'),
(14876, 'W_P200CM', 'Wiko', 'Phone'),
(11652, 'Galaxy S7', 'Samsung', 'Phone'),
(9442, 'OnePlus5', 'OnePlus', 'Phone'),
(11027, 'Galaxy S6 Edge', 'Samsung', 'Phone'),
(11806, 'Galaxy C5 Pro', 'Samsung', 'Phone'),
(11825, 'Galaxy Note2', 'Samsung', 'Phone'),
(11587, 'Galaxy Note5', 'Samsung', 'Phone'),
(6883, 'Lenovo TAB4 8 Plus', 'Lenovo', 'Tablet'),
(13440, 'TETRA', 'TCT (Alcatel)', 'Phone'),
(12009, 'Galaxy S5 Active', 'Samsung', 'Phone'),
(9255, 'Nokia 5', 'Nokia', 'Phone'),
(15160, 'Redmi 4 Pro', 'Xiaomi', 'Phone'),
(12642, 'Xperia Z2 Tablet', 'Sony', 'Tablet'),
(9351, 'NUU A3 (TC)', 'Nuu', 'Phone'),
(12015, 'Galaxy S8+', 'Samsung', 'Phone'),
(11910, 'Galaxy J3 Prime', 'Samsung', 'Phone'),
(11994, 'Galaxy A7(2016)', 'Samsung', 'Phone'),
(11083, 'Galaxy J1 Ace', 'Samsung', 'Phone'),
(991, 'ZenFone 2 Laser (ZE500KL)', 'Asus', 'Phone'),
(7437, 'LG K8', 'LGE', 'Phone'),
(11646, 'Galaxy S7', 'Samsung', 'Phone'),
(9247, 'Nokia 8', 'Nokia', 'Phone'),
(11536, 'Galaxy Tab4 10.1', 'Samsung', 'Tablet'),
(4885, 'HUAWEI MediaPad M5 8.4', 'Huawei', 'Phone'),
(9231, 'Nokia 6', 'Nokia', 'Phone'),
(15184, 'Redmi Pro', 'Xiaomi', 'Phone'),
(8602, 'Moto X (4)', 'Motorola', 'Phone'),
(11169, 'Galaxy S6', 'Samsung', 'Phone'),
(8633, 'Moto G (3rd Gen)', 'Motorola', 'Phone'),
(12057, 'Galaxy Tab A (2016) with S Pen', 'Samsung', 'Tablet'),
(11091, 'Galaxy J1', 'Samsung', 'Phone'),
(2255, 'Hi9Pro', 'Chuwi', 'Tablet'),
(4898, 'M5', 'Huawei', 'Tablet'),
(11484, 'Galaxy J4+', 'Samsung', 'Phone'),
(7191, 'LG Premier Pro', 'LGE', 'Phone'),
(11342, 'Galaxy J3(2016)', 'Samsung', 'Phone'),
(10683, '10 Viking Pro', 'RCA', 'Tablet'),
(7199, 'V20', 'LGE', 'Phone'),
(10790, 'Redmi 6', 'Redmi', 'Phone'),
(9613, 'CPH1903', 'Oppo', 'Phone'),
(6874, 'X3a40', 'Lenovo', 'Phone'),
(4909, 'Honor 8', 'Huawei', 'Phone'),
(4936, 'Huawei Mate 20 X', 'Huawei', 'Phone'),
(11512, 'Galaxy S9+', 'Samsung', 'Phone'),
(4881, 'Mate 9', 'Huawei', 'Phone'),
(11305, 'Galaxy S7 Edge', 'Samsung', 'Phone'),
(4700, 'Desire 10 lifestyle', 'HTC', 'Phone'),
(11277, 'Galaxy J7 V', 'Samsung', 'Phone'),
(11497, 'Galaxy Tab A', 'Samsung', 'Tablet'),
(8131, 'Canvas 5 Lite', 'Micromax', 'Phone'),
(11513, 'Galaxy J2', 'Samsung', 'Phone'),
(12743, 'Xperia XZ1', 'Sony', 'Phone'),
(11632, 'Galaxy S9', 'Samsung', 'Phone'),
(4999, 'nova 3i', 'Huawei', 'Phone'),
(11459, 'Galaxy Tab4 7.0', 'Samsung', 'Tablet'),
(13482, 'Fire', 'Tech 4u', 'Phone'),
(863, 'ZenFone 2 (ZE551ML)', 'Asus', 'Phone'),
(8600, 'Moto G with 4G LTE (1st Gen)', 'Motorola', 'Phone'),
(11302, 'Galaxy S7 Edge', 'Samsung', 'Phone'),
(10080, 'I4G', 'Plaisio', 'Phone'),
(11920, 'Galaxy S6 Edge+', 'Samsung', 'Phone'),
(9642, 'A3s', 'Oppo', 'Phone'),
(15780, 'ZTE ZFive C LTE', 'ZTE', 'Phone'),
(11098, 'Galaxy Note 10.1 2014 Edition', 'Samsung', 'Tablet'),
(7058, 'Lenovo TAB 10', 'Lenovo', 'Tablet'),
(4667, 'Chromebook x360 11 G1 EE', 'HP', 'PC'),
(11586, 'Galaxy Note5', 'Samsung', 'Phone'),
(866, 'ZenFone Max Pro M2 (ZB631KL) (WW) / Max Pro M2 (ZB630KL) (IN)', 'Asus', 'Phone'),
(12525, 'Xperia XA1 Ultra', 'Sony', 'Phone'),
(11105, 'Galaxy J3 Emerge', 'Samsung', 'Phone'),
(124, 'A3-A20', 'Acer', 'Tablet'),
(7330, 'LG K4/K7 (2017)', 'LGE', 'Phone'),
(4906, 'Y635-L03', 'Huawei', 'Phone'),
(8561, 'Moto G (5S)', 'Motorola', 'Phone'),
(6854, 'Lenovo TAB 7 Essential', 'Lenovo', 'Tablet'),
(4492, 'Sero 8', 'Hisense', 'Tablet'),
(12726, 'Xperia XZ', 'Sony', 'Phone'),
(4823, 'One (M8)', 'HTC', 'Phone'),
(4844, 'U11', 'HTC', 'Phone'),
(11774, 'Galaxy On5', 'Samsung', 'Phone'),
(8667, 'moto g(6) plus', 'Motorola', 'Phone'),
(15418, 'Zmax Pro', 'ZTE', 'Phone'),
(15142, 'Redmi Note 3', 'Xiaomi', 'Phone'),
(9640, 'R9s Plus', 'Oppo', 'Phone'),
(1000, 'ZenPad 10 (Z300M)', 'Asus', 'Tablet'),
(15171, 'Redmi 3S', 'Xiaomi', 'Phone'),
(1294, 'B9505', 'Bitel', 'Phone'),
(10662, 'Voyager', 'RCA', 'Tablet'),
(11702, 'Galaxy S4 Mini', 'Samsung', 'Phone'),
(11998, 'Galaxy A5(2016)', 'Samsung', 'Phone'),
(11945, 'Galaxy Tab A (2017)', 'Samsung', 'Tablet'),
(1606, 'BLU Grand M3', 'Blu', 'Phone'),
(13321, 'PIXI4 (3.5)', 'TCT (Alcatel)', 'Phone'),
(10658, 'Phone 2', 'Razer', 'Phone'),
(1358, 'A7PRO', 'Blackview', 'Phone'),
(7104, 'YOGA Tab 3 PRO 10', 'Lenovo', 'Phone'),
(11109, 'Galaxy A5(2017)', 'Samsung', 'Phone'),
(1570, 'Vivo 8', 'Blu', 'Phone'),
(11386, 'Galaxy A3(2017)', 'Samsung', 'Phone'),
(6787, 'A6600', 'Lenovo', 'Phone'),
(13401, 'ALCATEL ONETOUCH POP 3 (5)', 'TCT (Alcatel)', 'Phone'),
(11033, 'Galaxy J1(2016)', 'Samsung', 'Phone'),
(877, 'Nexus 7 (2013)', 'Asus', 'Tablet'),
(13267, 'ALCATEL 3C', 'TCT (Alcatel)', 'Phone'),
(11388, 'Galaxy Note 8.0', 'Samsung', 'Tablet'),
(5039, 'Mate 10', 'Huawei', 'Phone'),
(9532, 'R7005', 'Oppo', 'Phone'),
(7443, 'LG K10 (2017)', 'LGE', 'Phone'),
(7362, 'L70', 'LGE', 'Phone'),
(11606, 'Galaxy Tab S4', 'Samsung', 'Tablet'),
(5062, 'P8 lite 2017', 'Huawei', 'Phone'),
(9260, 'Nokia 8.1', 'Nokia', 'Phone'),
(15168, 'HM 1SC', 'Xiaomi', 'Phone'),
(4921, 'P9 lite', 'Huawei', 'Phone'),
(14427, 'vivo 1724', 'Vivo', 'Phone'),
(7338, 'LG K8 V', 'LGE', 'Phone'),
(11405, 'Galaxy A6', 'Samsung', 'Phone'),
(805, 'ZenFone Max Pro M1 (ZB602KL) (WW) / Max Pro M1 (ZB601KL) (IN)', 'Asus', 'Phone'),
(14468, 'vivo 1804', 'Vivo', 'Phone'),
(8623, 'Moto G (5th Gen)', 'Motorola', 'Phone'),
(4988, 'MediaPad M3 Lite 10', 'Huawei', 'Tablet'),
(8092, 'Micromax Bharat 2 Plus', 'Micromax', 'Phone'),
(4952, 'MediaPad T2 10.0 pro', 'Huawei', 'Tablet'),
(11061, 'Galaxy S4', 'Samsung', 'Phone'),
(11106, 'Galaxy A8(2018)', 'Samsung', 'Phone'),
(5026, 'CHM-U01', 'Huawei', 'Phone'),
(14501, '1609T', 'Vivo', 'Phone'),
(4203, 'Pixel 2', 'Google', 'Phone'),
(5126, '6X', 'Huawei', 'Phone'),
(15611, 'Z717VL', 'ZTE', 'Phone'),
(14142, 'Ellipsis 7 (QMV7B)', 'Verizon Wireless', 'Tablet'),
(11855, 'Galaxy J7(2016)', 'Samsung', 'Phone'),
(12788, 'Xperia X Compact', 'Sony', 'Phone'),
(5132, 'HUAWEI Y3 2017', 'Huawei', 'Phone'),
(7291, 'LG Stylus3', 'LGE', 'Phone'),
(11080, 'Galaxy Tab A 8', 'Samsung', 'Tablet'),
(11130, 'Galaxy Grand Neo Plus', 'Samsung', 'Phone'),
(6776, 'Le Max2', 'Leeco', 'Phone'),
(6383, 'K1 Trio', 'KOOLNEE', 'Phone'),
(7074, 'Lenovo TAB4 10', 'Lenovo', 'Tablet'),
(13259, 'ALCATEL PIXI 4 (5)', 'TCT (Alcatel)', 'Phone'),
(6827, 'YOGA Tab 3 10', 'Lenovo', 'Tablet'),
(11499, 'Galaxy Tab A', 'Samsung', 'Tablet'),
(5012, 'Mate 10 lite', 'Huawei', 'Phone'),
(15181, 'Mi A1', 'Xiaomi', 'Phone'),
(8637, 'DROID RAZR M', 'Motorola', 'Phone'),
(10968, 'Galaxy J5', 'Samsung', 'Phone'),
(6991, 'VIBE K6 Note', 'Lenovo', 'Phone'),
(15441, 'Majesty Pro LTE', 'ZTE', 'Phone'),
(15129, 'MI MAX 3', 'Xiaomi', 'Phone'),
(5120, 'Y6II', 'Huawei', 'Phone'),
(11934, 'Galaxy Tab A (2016)', 'Samsung', 'Tablet'),
(11634, 'Galaxy S9', 'Samsung', 'Phone'),
(12663, 'Xperia E5', 'Sony', 'Phone'),
(11546, 'Galaxy Note3', 'Samsung', 'Phone'),
(11020, 'Galaxy S6 Edge', 'Samsung', 'Phone'),
(5408, 'A20', 'IkuMobile', 'Phone'),
(5091, 'HUWEI MediaPad T3', 'Huawei', 'Phone'),
(6939, 'A5500-F', 'Lenovo', 'Tablet'),
(9720, 'Wonder', 'Orbic', 'Phone'),
(1888, 'BQru-7082', 'BQru', 'Phone'),
(4942, 'Y541-U02', 'Huawei', 'Phone'),
(12603, 'Xperia Z', 'Sony', 'Phone'),
(10915, 'Galaxy Grand Prime', 'Samsung', 'Phone'),
(4983, 'Mate 20', 'Huawei', 'Phone'),
(11013, 'Galaxy J5 Prime', 'Samsung', 'Phone'),
(8669, 'moto g(6) plus', 'Motorola', 'Phone'),
(1018, 'ZenPad Z10', 'Asus', 'Tablet'),
(1307, 'KEYone', 'BlackBerry', 'Phone'),
(10970, 'Galaxy J5', 'Samsung', 'Phone'),
(11590, 'Galaxy Note5', 'Samsung', 'Phone'),
(11640, 'Galaxy S7', 'Samsung', 'Phone'),
(8658, 'motorola one power', 'Motorola', 'Phone'),
(527, 'L50', 'ANS', 'Phone'),
(11224, 'Galaxy A9 (2018)', 'Samsung', 'Phone'),
(4944, 'MediaPad', 'Huawei', 'Tablet'),
(9232, 'Nokia 6', 'Nokia', 'Phone'),
(7753, 'iQGW516', 'Making Life Simple', 'Phone'),
(6848, 'Z5', 'Lenovo', 'Phone'),
(11659, 'Galaxy Tab A 8.0', 'Samsung', 'Tablet'),
(6925, 'Lenovo K8 Plus', 'Lenovo', 'Phone'),
(4851, 'One M9', 'HTC', 'Phone'),
(9361, 'SHIELD Tablet', 'NVIDIA', 'Tablet'),
(807, 'ZenFone Max Pro M1 (ZB602KL) (WW) / Max Pro M1 (ZB601KL) (IN)', 'Asus', 'Phone'),
(5061, 'Honor 8X', 'Huawei', 'Phone'),
(7237, 'LG Spirit 4G LTE', 'LGE', 'Phone'),
(6843, 'Lenovo K8 Note', 'Lenovo', 'Phone'),
(12016, 'Galaxy S8+', 'Samsung', 'Phone'),
(3008, 'DIGMA HIT Q401 3G HT4039PG', 'Digma', 'Phone'),
(10386, 'PMT3101_4G', 'Prestigio', 'Tablet'),
(15577, 'K88', 'ZTE', 'Tablet'),
(932, 'Transformer Pad (TF103C)', 'Asus', 'Tablet'),
(12610, 'Xperia XA1', 'Sony', 'Phone'),
(9492, 'CPH1729', 'Oppo', 'Phone'),
(7279, 'LG K4', 'LGE', 'Phone'),
(4939, 'P9 Plus', 'Huawei', 'Phone'),
(11158, 'Galaxy S10', 'Samsung', 'Phone'),
(7022, 'Lenovo YOGA Tab 3 Plus', 'Lenovo', 'Tablet'),
(11604, 'Galaxy Tab S4', 'Samsung', 'Tablet'),
(14104, 's8', 'Vankyo', 'Tablet'),
(7216, 'LG G3', 'LGE', 'Phone'),
(15114, 'Mi A2 Lite', 'Xiaomi', 'Phone'),
(3455, 'PH-1', 'Essential Products', 'Phone'),
(135, 'Chromebook R11 (C738T)', 'Acer', 'PC'),
(7195, 'F70', 'LGE', 'Phone'),
(9584, 'CPH1707', 'Oppo', 'Phone'),
(7442, 'LG K10 (2017)', 'LGE', 'Phone'),
(11026, 'Galaxy S6 Edge', 'Samsung', 'Phone'),
(14894, 'LENNY3', 'Wiko', 'Phone'),
(7353, 'LG G6', 'LGE', 'Phone'),
(11901, 'Galaxy Note Pro 12.2', 'Samsung', 'Tablet'),
(14530, 'vivo 1723', 'Vivo', 'Phone'),
(5119, 'MediaPad T3 7', 'Huawei', 'Phone'),
(15088, 'JOY10_LTE', 'X-TIGI', 'Tablet'),
(15195, 'Redmi  S2', 'Xiaomi', 'Phone');
COMMIT;

/*!40101 SET CHARACTER_SET_CLIENT=@OLD_CHARACTER_SET_CLIENT */;
/*!40101 SET CHARACTER_SET_RESULTS=@OLD_CHARACTER_SET_RESULTS */;
/*!40101 SET COLLATION_CONNECTION=@OLD_COLLATION_CONNECTION */;
